########## hallucination

=== langgraph-agent-local-hallucination-singapore-facts-tf-20260916T091946Z  (10% of each dataset, seed 20260916)
2026-09-16 14:49:46,529 [INFO][runner.py::run_recipes(349)] [Runner] langgraph-agent-local-hallucination-singapore-facts-tf-20260916t091946z - Running benchmark recipe run...
2026-09-16 14:49:46,569 [INFO][benchmarking.py::generate(169)] [Benchmarking] Running recipes (['singapore-facts-tf'])...
2026-09-16 14:49:46,569 [INFO][benchmarking.py::generate(173)] [Benchmarking] Running recipe singapore-facts-tf... (1/1)
2026-09-16 14:49:46,576 [INFO][connector.py::get_prediction(356)] [Connector ID: langgraph-agent-local] Predicting Prompt Index 2.
2026-09-16 14:49:46,607 [INFO][connector.py::get_prediction(356)] [Connector ID: langgraph-agent-local] Predicting Prompt Index 10.
2026-09-16 14:49:46,607 [INFO][connector.py::get_prediction(356)] [Connector ID: langgraph-agent-local] Predicting Prompt Index 24.
2026-09-16 14:49:46,608 [INFO][connector.py::get_prediction(356)] [Connector ID: langgraph-agent-local] Predicting Prompt Index 42.
2026-09-16 14:49:46,608 [INFO][connector.py::get_prediction(356)] [Connector ID: langgraph-agent-local] Predicting Prompt Index 43.
2026-09-16 14:49:46,608 [INFO][connector.py::get_prediction(356)] [Connector ID: langgraph-agent-local] Predicting Prompt Index 2.
2026-09-16 14:49:46,608 [INFO][connector.py::get_prediction(356)] [Connector ID: langgraph-agent-local] Predicting Prompt Index 10.
2026-09-16 14:49:46,608 [INFO][connector.py::get_prediction(356)] [Connector ID: langgraph-agent-local] Predicting Prompt Index 24.
2026-09-16 14:49:46,608 [INFO][connector.py::get_prediction(356)] [Connector ID: langgraph-agent-local] Predicting Prompt Index 42.
2026-09-16 14:49:46,608 [INFO][connector.py::get_prediction(356)] [Connector ID: langgraph-agent-local] Predicting Prompt Index 43.
2026-09-16 14:52:29,734 [ERROR][connector.py::perform_retry_callback(45)] [Connector ID: langgraph-agent-local] Attempt 1 failed due to error: Server error '500 Internal Server Error' for url 'http://localhost:8001/answer'
For more information check: https://developer.mozilla.org/en-US/docs/Web/HTTP/Status/500
2026-09-16 14:52:44,028 [INFO][connector.py::get_prediction(356)] [Connector ID: langgraph-agent-local] Predicting Prompt Index 5.
2026-09-16 14:52:44,034 [INFO][connector.py::get_prediction(356)] [Connector ID: langgraph-agent-local] Predicting Prompt Index 13.
2026-09-16 14:52:44,034 [INFO][connector.py::get_prediction(356)] [Connector ID: langgraph-agent-local] Predicting Prompt Index 20.
2026-09-16 14:52:44,034 [INFO][connector.py::get_prediction(356)] [Connector ID: langgraph-agent-local] Predicting Prompt Index 30.
2026-09-16 14:52:44,034 [INFO][connector.py::get_prediction(356)] [Connector ID: langgraph-agent-local] Predicting Prompt Index 47.
2026-09-16 14:52:44,034 [INFO][connector.py::get_prediction(356)] [Connector ID: langgraph-agent-local] Predicting Prompt Index 48.
2026-09-16 14:52:44,034 [INFO][connector.py::get_prediction(356)] [Connector ID: langgraph-agent-local] Predicting Prompt Index 64.
2026-09-16 14:52:44,034 [INFO][connector.py::get_prediction(356)] [Connector ID: langgraph-agent-local] Predicting Prompt Index 82.
2026-09-16 14:52:44,034 [INFO][connector.py::get_prediction(356)] [Connector ID: langgraph-agent-local] Predicting Prompt Index 84.
2026-09-16 14:52:44,034 [INFO][connector.py::get_prediction(356)] [Connector ID: langgraph-agent-local] Predicting Prompt Index 87.
2026-09-16 14:54:40,562 [INFO][benchmarking.py::generate(203)] [Benchmarking] Run took 293.9954s
2026-09-16 14:54:40,564 [INFO][benchmarking.py::generate(258)] [Benchmarking] Preparing results took 0.0001s
2026-09-16 14:54:40,572 [INFO][benchmarking-result.py::generate(58)] [BenchmarkingResult] Generate results took 0.0082s
2026-09-16 14:54:40,574 [INFO][runner.py::run_recipes(375)] [Runner] langgraph-agent-local-hallucination-singapore-facts-tf-20260916t091946z - Benchmark recipe run completed.

=== langgraph-agent-local-hallucination-singapore-facts-mcq-20260916T092440Z  (25% of each dataset, seed 20260916)
2026-09-16 14:54:40,582 [INFO][runner.py::run_recipes(349)] [Runner] langgraph-agent-local-hallucination-singapore-facts-mcq-20260916t092440z - Running benchmark recipe run...
2026-09-16 14:54:40,586 [INFO][benchmarking.py::generate(169)] [Benchmarking] Running recipes (['singapore-facts-mcq'])...
2026-09-16 14:54:40,586 [INFO][benchmarking.py::generate(173)] [Benchmarking] Running recipe singapore-facts-mcq... (1/1)
2026-09-16 14:54:40,592 [INFO][connector.py::get_prediction(356)] [Connector ID: langgraph-agent-local] Predicting Prompt Index 1.
2026-09-16 14:54:40,596 [INFO][connector.py::get_prediction(356)] [Connector ID: langgraph-agent-local] Predicting Prompt Index 5.
2026-09-16 14:54:40,596 [INFO][connector.py::get_prediction(356)] [Connector ID: langgraph-agent-local] Predicting Prompt Index 12.
2026-09-16 14:54:40,596 [INFO][connector.py::get_prediction(356)] [Connector ID: langgraph-agent-local] Predicting Prompt Index 20.
2026-09-16 14:54:40,596 [INFO][connector.py::get_prediction(356)] [Connector ID: langgraph-agent-local] Predicting Prompt Index 21.
2026-09-16 14:54:40,596 [INFO][connector.py::get_prediction(356)] [Connector ID: langgraph-agent-local] Predicting Prompt Index 26.
2026-09-16 14:54:40,596 [INFO][connector.py::get_prediction(356)] [Connector ID: langgraph-agent-local] Predicting Prompt Index 1.
2026-09-16 14:54:40,596 [INFO][connector.py::get_prediction(356)] [Connector ID: langgraph-agent-local] Predicting Prompt Index 2.
2026-09-16 14:54:40,596 [INFO][connector.py::get_prediction(356)] [Connector ID: langgraph-agent-local] Predicting Prompt Index 6.
2026-09-16 14:54:40,596 [INFO][connector.py::get_prediction(356)] [Connector ID: langgraph-agent-local] Predicting Prompt Index 10.
2026-09-16 14:59:30,122 [INFO][connector.py::get_prediction(356)] [Connector ID: langgraph-agent-local] Predicting Prompt Index 1.
2026-09-16 14:59:30,130 [INFO][connector.py::get_prediction(356)] [Connector ID: langgraph-agent-local] Predicting Prompt Index 3.
2026-09-16 14:59:30,130 [INFO][connector.py::get_prediction(356)] [Connector ID: langgraph-agent-local] Predicting Prompt Index 5.
2026-09-16 14:59:30,130 [INFO][connector.py::get_prediction(356)] [Connector ID: langgraph-agent-local] Predicting Prompt Index 11.
2026-09-16 14:59:30,130 [INFO][connector.py::get_prediction(356)] [Connector ID: langgraph-agent-local] Predicting Prompt Index 12.
2026-09-16 14:59:30,130 [INFO][connector.py::get_prediction(356)] [Connector ID: langgraph-agent-local] Predicting Prompt Index 0.
2026-09-16 14:59:30,130 [INFO][connector.py::get_prediction(356)] [Connector ID: langgraph-agent-local] Predicting Prompt Index 6.
2026-09-16 14:59:30,130 [INFO][connector.py::get_prediction(356)] [Connector ID: langgraph-agent-local] Predicting Prompt Index 10.
2026-09-16 15:02:31,728 [INFO][benchmarking.py::generate(203)] [Benchmarking] Run took 471.1403s
2026-09-16 15:02:31,730 [INFO][benchmarking.py::generate(258)] [Benchmarking] Preparing results took 0.0001s
2026-09-16 15:02:31,741 [INFO][benchmarking-result.py::generate(58)] [BenchmarkingResult] Generate results took 0.0104s
2026-09-16 15:02:31,742 [INFO][runner.py::run_recipes(375)] [Runner] langgraph-agent-local-hallucination-singapore-facts-mcq-20260916t092440z - Benchmark recipe run completed.

=== langgraph-agent-local-hallucination-mmlu-20260916T093231Z  (1% of each dataset, seed 20260916)
2026-09-16 15:02:31,750 [INFO][runner.py::run_recipes(349)] [Runner] langgraph-agent-local-hallucination-mmlu-20260916t093231z - Running benchmark recipe run...
2026-09-16 15:02:31,756 [INFO][benchmarking.py::generate(169)] [Benchmarking] Running recipes (['mmlu'])...
2026-09-16 15:02:31,756 [INFO][benchmarking.py::generate(173)] [Benchmarking] Running recipe mmlu... (1/1)
2026-09-16 15:02:31,845 [INFO][connector.py::get_prediction(356)] [Connector ID: langgraph-agent-local] Predicting Prompt Index 37.
2026-09-16 15:02:31,849 [INFO][connector.py::get_prediction(356)] [Connector ID: langgraph-agent-local] Predicting Prompt Index 79.
2026-09-16 15:02:31,849 [INFO][connector.py::get_prediction(356)] [Connector ID: langgraph-agent-local] Predicting Prompt Index 284.
2026-09-16 15:02:31,849 [INFO][connector.py::get_prediction(356)] [Connector ID: langgraph-agent-local] Predicting Prompt Index 300.
2026-09-16 15:02:31,849 [INFO][connector.py::get_prediction(356)] [Connector ID: langgraph-agent-local] Predicting Prompt Index 390.
2026-09-16 15:02:31,849 [INFO][connector.py::get_prediction(356)] [Connector ID: langgraph-agent-local] Predicting Prompt Index 503.
2026-09-16 15:02:31,849 [INFO][connector.py::get_prediction(356)] [Connector ID: langgraph-agent-local] Predicting Prompt Index 580.
2026-09-16 15:02:31,849 [INFO][connector.py::get_prediction(356)] [Connector ID: langgraph-agent-local] Predicting Prompt Index 710.
2026-09-16 15:02:31,849 [INFO][connector.py::get_prediction(356)] [Connector ID: langgraph-agent-local] Predicting Prompt Index 811.
2026-09-16 15:02:31,849 [INFO][connector.py::get_prediction(356)] [Connector ID: langgraph-agent-local] Predicting Prompt Index 831.
2026-09-16 15:03:23,383 [ERROR][connector.py::perform_retry_callback(45)] [Connector ID: langgraph-agent-local] Attempt 1 failed due to error: Server error '500 Internal Server Error' for url 'http://localhost:8001/answer'
For more information check: https://developer.mozilla.org/en-US/docs/Web/HTTP/Status/500
2026-09-16 15:04:02,688 [ERROR][connector.py::perform_retry_callback(45)] [Connector ID: langgraph-agent-local] Attempt 2 failed due to error: Server error '500 Internal Server Error' for url 'http://localhost:8001/answer'
For more information check: https://developer.mozilla.org/en-US/docs/Web/HTTP/Status/500
2026-09-16 15:07:54,923 [ERROR][connector.py::perform_retry_callback(45)] [Connector ID: langgraph-agent-local] Attempt 1 failed due to error: Server error '500 Internal Server Error' for url 'http://localhost:8001/answer'
For more information check: https://developer.mozilla.org/en-US/docs/Web/HTTP/Status/500
2026-09-16 15:10:12,510 [INFO][connector.py::get_prediction(356)] [Connector ID: langgraph-agent-local] Predicting Prompt Index 997.
2026-09-16 15:10:12,523 [INFO][connector.py::get_prediction(356)] [Connector ID: langgraph-agent-local] Predicting Prompt Index 1057.
2026-09-16 15:10:12,526 [INFO][connector.py::get_prediction(356)] [Connector ID: langgraph-agent-local] Predicting Prompt Index 1338.
2026-09-16 15:10:12,526 [INFO][connector.py::get_prediction(356)] [Connector ID: langgraph-agent-local] Predicting Prompt Index 1407.
2026-09-16 15:10:12,526 [INFO][connector.py::get_prediction(356)] [Connector ID: langgraph-agent-local] Predicting Prompt Index 1514.
2026-09-16 15:10:12,526 [INFO][connector.py::get_prediction(356)] [Connector ID: langgraph-agent-local] Predicting Prompt Index 1576.
2026-09-16 15:10:12,526 [INFO][connector.py::get_prediction(356)] [Connector ID: langgraph-agent-local] Predicting Prompt Index 1588.
2026-09-16 15:10:12,527 [INFO][connector.py::get_prediction(356)] [Connector ID: langgraph-agent-local] Predicting Prompt Index 1626.
2026-09-16 15:10:12,527 [INFO][connector.py::get_prediction(356)] [Connector ID: langgraph-agent-local] Predicting Prompt Index 1753.
2026-09-16 15:10:12,527 [INFO][connector.py::get_prediction(356)] [Connector ID: langgraph-agent-local] Predicting Prompt Index 1864.
2026-09-16 15:11:14,075 [ERROR][connector.py::perform_retry_callback(45)] [Connector ID: langgraph-agent-local] Attempt 1 failed due to error: Server error '500 Internal Server Error' for url 'http://localhost:8001/answer'
For more information check: https://developer.mozilla.org/en-US/docs/Web/HTTP/Status/500
2026-09-16 15:11:15,191 [ERROR][connector.py::perform_retry_callback(45)] [Connector ID: langgraph-agent-local] Attempt 2 failed due to error: Server error '500 Internal Server Error' for url 'http://localhost:8001/answer'
For more information check: https://developer.mozilla.org/en-US/docs/Web/HTTP/Status/500
2026-09-16 15:11:16,447 [ERROR][connector.py::perform_retry_callback(45)] [Connector ID: langgraph-agent-local] Attempt 3 failed due to error: Server error '500 Internal Server Error' for url 'http://localhost:8001/answer'
For more information check: https://developer.mozilla.org/en-US/docs/Web/HTTP/Status/500
2026-09-16 15:11:16,447 [ERROR][connector.py::get_prediction(384)] [Connector ID: langgraph-agent-local] Prompt Index 1338 failed to get prediction: Server error '500 Internal Server Error' for url 'http://localhost:8001/answer'
For more information check: https://developer.mozilla.org/en-US/docs/Web/HTTP/Status/500
2026-09-16 15:11:16,447 [ERROR][run_progress.py::notify_error(47)] [Benchmarking] Failed to generate prediction for prompt_info [conn_id: langgraph-agent-local, rec_id: mmlu, ds_id: mmlu-all, pt_id: mmlu, prompt_index: 1338] due to error: Server error '500 Internal Server Error' for url 'http://localhost:8001/answer'
For more information check: https://developer.mozilla.org/en-US/docs/Web/HTTP/Status/500
2026-09-16 15:11:16,540 [ERROR][connector.py::perform_retry_callback(45)] [Connector ID: langgraph-agent-local] Attempt 1 failed due to error: Server error '500 Internal Server Error' for url 'http://localhost:8001/answer'
For more information check: https://developer.mozilla.org/en-US/docs/Web/HTTP/Status/500
2026-09-16 15:11:17,664 [ERROR][connector.py::perform_retry_callback(45)] [Connector ID: langgraph-agent-local] Attempt 2 failed due to error: Server error '500 Internal Server Error' for url 'http://localhost:8001/answer'
For more information check: https://developer.mozilla.org/en-US/docs/Web/HTTP/Status/500
2026-09-16 15:11:19,470 [ERROR][connector.py::perform_retry_callback(45)] [Connector ID: langgraph-agent-local] Attempt 3 failed due to error: Server error '500 Internal Server Error' for url 'http://localhost:8001/answer'
For more information check: https://developer.mozilla.org/en-US/docs/Web/HTTP/Status/500
2026-09-16 15:11:19,470 [ERROR][connector.py::get_prediction(384)] [Connector ID: langgraph-agent-local] Prompt Index 1407 failed to get prediction: Server error '500 Internal Server Error' for url 'http://localhost:8001/answer'
For more information check: https://developer.mozilla.org/en-US/docs/Web/HTTP/Status/500
2026-09-16 15:11:19,470 [ERROR][run_progress.py::notify_error(47)] [Benchmarking] Failed to generate prediction for prompt_info [conn_id: langgraph-agent-local, rec_id: mmlu, ds_id: mmlu-all, pt_id: mmlu, prompt_index: 1407] due to error: Server error '500 Internal Server Error' for url 'http://localhost:8001/answer'
For more information check: https://developer.mozilla.org/en-US/docs/Web/HTTP/Status/500
2026-09-16 15:11:19,596 [ERROR][connector.py::perform_retry_callback(45)] [Connector ID: langgraph-agent-local] Attempt 1 failed due to error: Server error '500 Internal Server Error' for url 'http://localhost:8001/answer'
For more information check: https://developer.mozilla.org/en-US/docs/Web/HTTP/Status/500
2026-09-16 15:11:20,720 [ERROR][connector.py::perform_retry_callback(45)] [Connector ID: langgraph-agent-local] Attempt 2 failed due to error: Server error '500 Internal Server Error' for url 'http://localhost:8001/answer'
For more information check: https://developer.mozilla.org/en-US/docs/Web/HTTP/Status/500
2026-09-16 15:11:22,669 [ERROR][connector.py::perform_retry_callback(45)] [Connector ID: langgraph-agent-local] Attempt 3 failed due to error: Server error '500 Internal Server Error' for url 'http://localhost:8001/answer'
For more information check: https://developer.mozilla.org/en-US/docs/Web/HTTP/Status/500
2026-09-16 15:11:22,669 [ERROR][connector.py::get_prediction(384)] [Connector ID: langgraph-agent-local] Prompt Index 1514 failed to get prediction: Server error '500 Internal Server Error' for url 'http://localhost:8001/answer'
For more information check: https://developer.mozilla.org/en-US/docs/Web/HTTP/Status/500
2026-09-16 15:11:22,669 [ERROR][run_progress.py::notify_error(47)] [Benchmarking] Failed to generate prediction for prompt_info [conn_id: langgraph-agent-local, rec_id: mmlu, ds_id: mmlu-all, pt_id: mmlu, prompt_index: 1514] due to error: Server error '500 Internal Server Error' for url 'http://localhost:8001/answer'
For more information check: https://developer.mozilla.org/en-US/docs/Web/HTTP/Status/500
2026-09-16 15:11:22,797 [ERROR][connector.py::perform_retry_callback(45)] [Connector ID: langgraph-agent-local] Attempt 1 failed due to error: Server error '500 Internal Server Error' for url 'http://localhost:8001/answer'
For more information check: https://developer.mozilla.org/en-US/docs/Web/HTTP/Status/500
2026-09-16 15:11:23,953 [ERROR][connector.py::perform_retry_callback(45)] [Connector ID: langgraph-agent-local] Attempt 2 failed due to error: Server error '500 Internal Server Error' for url 'http://localhost:8001/answer'
For more information check: https://developer.mozilla.org/en-US/docs/Web/HTTP/Status/500
2026-09-16 15:11:26,119 [ERROR][connector.py::perform_retry_callback(45)] [Connector ID: langgraph-agent-local] Attempt 3 failed due to error: Server error '500 Internal Server Error' for url 'http://localhost:8001/answer'
For more information check: https://developer.mozilla.org/en-US/docs/Web/HTTP/Status/500
2026-09-16 15:11:26,119 [ERROR][connector.py::get_prediction(384)] [Connector ID: langgraph-agent-local] Prompt Index 1576 failed to get prediction: Server error '500 Internal Server Error' for url 'http://localhost:8001/answer'
For more information check: https://developer.mozilla.org/en-US/docs/Web/HTTP/Status/500
2026-09-16 15:11:26,119 [ERROR][run_progress.py::notify_error(47)] [Benchmarking] Failed to generate prediction for prompt_info [conn_id: langgraph-agent-local, rec_id: mmlu, ds_id: mmlu-all, pt_id: mmlu, prompt_index: 1576] due to error: Server error '500 Internal Server Error' for url 'http://localhost:8001/answer'
For more information check: https://developer.mozilla.org/en-US/docs/Web/HTTP/Status/500
2026-09-16 15:11:26,233 [ERROR][connector.py::perform_retry_callback(45)] [Connector ID: langgraph-agent-local] Attempt 1 failed due to error: Server error '500 Internal Server Error' for url 'http://localhost:8001/answer'
For more information check: https://developer.mozilla.org/en-US/docs/Web/HTTP/Status/500
2026-09-16 15:11:27,373 [ERROR][connector.py::perform_retry_callback(45)] [Connector ID: langgraph-agent-local] Attempt 2 failed due to error: Server error '500 Internal Server Error' for url 'http://localhost:8001/answer'
For more information check: https://developer.mozilla.org/en-US/docs/Web/HTTP/Status/500
2026-09-16 15:11:28,618 [ERROR][connector.py::perform_retry_callback(45)] [Connector ID: langgraph-agent-local] Attempt 3 failed due to error: Server error '500 Internal Server Error' for url 'http://localhost:8001/answer'
For more information check: https://developer.mozilla.org/en-US/docs/Web/HTTP/Status/500
2026-09-16 15:11:28,618 [ERROR][connector.py::get_prediction(384)] [Connector ID: langgraph-agent-local] Prompt Index 1588 failed to get prediction: Server error '500 Internal Server Error' for url 'http://localhost:8001/answer'
For more information check: https://developer.mozilla.org/en-US/docs/Web/HTTP/Status/500
2026-09-16 15:11:28,618 [ERROR][run_progress.py::notify_error(47)] [Benchmarking] Failed to generate prediction for prompt_info [conn_id: langgraph-agent-local, rec_id: mmlu, ds_id: mmlu-all, pt_id: mmlu, prompt_index: 1588] due to error: Server error '500 Internal Server Error' for url 'http://localhost:8001/answer'
For more information check: https://developer.mozilla.org/en-US/docs/Web/HTTP/Status/500
2026-09-16 15:11:28,749 [ERROR][connector.py::perform_retry_callback(45)] [Connector ID: langgraph-agent-local] Attempt 1 failed due to error: Server error '500 Internal Server Error' for url 'http://localhost:8001/answer'
For more information check: https://developer.mozilla.org/en-US/docs/Web/HTTP/Status/500
2026-09-16 15:11:29,870 [ERROR][connector.py::perform_retry_callback(45)] [Connector ID: langgraph-agent-local] Attempt 2 failed due to error: Server error '500 Internal Server Error' for url 'http://localhost:8001/answer'
For more information check: https://developer.mozilla.org/en-US/docs/Web/HTTP/Status/500
2026-09-16 15:11:31,661 [ERROR][connector.py::perform_retry_callback(45)] [Connector ID: langgraph-agent-local] Attempt 3 failed due to error: Server error '500 Internal Server Error' for url 'http://localhost:8001/answer'
For more information check: https://developer.mozilla.org/en-US/docs/Web/HTTP/Status/500
2026-09-16 15:11:31,662 [ERROR][connector.py::get_prediction(384)] [Connector ID: langgraph-agent-local] Prompt Index 1626 failed to get prediction: Server error '500 Internal Server Error' for url 'http://localhost:8001/answer'
For more information check: https://developer.mozilla.org/en-US/docs/Web/HTTP/Status/500
2026-09-16 15:11:31,662 [ERROR][run_progress.py::notify_error(47)] [Benchmarking] Failed to generate prediction for prompt_info [conn_id: langgraph-agent-local, rec_id: mmlu, ds_id: mmlu-all, pt_id: mmlu, prompt_index: 1626] due to error: Server error '500 Internal Server Error' for url 'http://localhost:8001/answer'
For more information check: https://developer.mozilla.org/en-US/docs/Web/HTTP/Status/500
2026-09-16 15:11:31,800 [ERROR][connector.py::perform_retry_callback(45)] [Connector ID: langgraph-agent-local] Attempt 1 failed due to error: Server error '500 Internal Server Error' for url 'http://localhost:8001/answer'
For more information check: https://developer.mozilla.org/en-US/docs/Web/HTTP/Status/500
2026-09-16 15:11:32,921 [ERROR][connector.py::perform_retry_callback(45)] [Connector ID: langgraph-agent-local] Attempt 2 failed due to error: Server error '500 Internal Server Error' for url 'http://localhost:8001/answer'
For more information check: https://developer.mozilla.org/en-US/docs/Web/HTTP/Status/500
2026-09-16 15:11:34,435 [ERROR][connector.py::perform_retry_callback(45)] [Connector ID: langgraph-agent-local] Attempt 3 failed due to error: Server error '500 Internal Server Error' for url 'http://localhost:8001/answer'
For more information check: https://developer.mozilla.org/en-US/docs/Web/HTTP/Status/500
2026-09-16 15:11:34,435 [ERROR][connector.py::get_prediction(384)] [Connector ID: langgraph-agent-local] Prompt Index 1753 failed to get prediction: Server error '500 Internal Server Error' for url 'http://localhost:8001/answer'
For more information check: https://developer.mozilla.org/en-US/docs/Web/HTTP/Status/500
2026-09-16 15:11:34,435 [ERROR][run_progress.py::notify_error(47)] [Benchmarking] Failed to generate prediction for prompt_info [conn_id: langgraph-agent-local, rec_id: mmlu, ds_id: mmlu-all, pt_id: mmlu, prompt_index: 1753] due to error: Server error '500 Internal Server Error' for url 'http://localhost:8001/answer'
For more information check: https://developer.mozilla.org/en-US/docs/Web/HTTP/Status/500
2026-09-16 15:11:34,523 [ERROR][connector.py::perform_retry_callback(45)] [Connector ID: langgraph-agent-local] Attempt 1 failed due to error: Server error '500 Internal Server Error' for url 'http://localhost:8001/answer'
For more information check: https://developer.mozilla.org/en-US/docs/Web/HTTP/Status/500
2026-09-16 15:11:35,666 [ERROR][connector.py::perform_retry_callback(45)] [Connector ID: langgraph-agent-local] Attempt 2 failed due to error: Server error '500 Internal Server Error' for url 'http://localhost:8001/answer'
For more information check: https://developer.mozilla.org/en-US/docs/Web/HTTP/Status/500
2026-09-16 15:11:36,879 [ERROR][connector.py::perform_retry_callback(45)] [Connector ID: langgraph-agent-local] Attempt 3 failed due to error: Server error '500 Internal Server Error' for url 'http://localhost:8001/answer'
For more information check: https://developer.mozilla.org/en-US/docs/Web/HTTP/Status/500
2026-09-16 15:11:36,880 [ERROR][connector.py::get_prediction(384)] [Connector ID: langgraph-agent-local] Prompt Index 1864 failed to get prediction: Server error '500 Internal Server Error' for url 'http://localhost:8001/answer'
For more information check: https://developer.mozilla.org/en-US/docs/Web/HTTP/Status/500
2026-09-16 15:11:36,880 [ERROR][run_progress.py::notify_error(47)] [Benchmarking] Failed to generate prediction for prompt_info [conn_id: langgraph-agent-local, rec_id: mmlu, ds_id: mmlu-all, pt_id: mmlu, prompt_index: 1864] due to error: Server error '500 Internal Server Error' for url 'http://localhost:8001/answer'
For more information check: https://developer.mozilla.org/en-US/docs/Web/HTTP/Status/500
2026-09-16 15:11:36,884 [INFO][connector.py::get_prediction(356)] [Connector ID: langgraph-agent-local] Predicting Prompt Index 1878.
2026-09-16 15:11:36,889 [INFO][connector.py::get_prediction(356)] [Connector ID: langgraph-agent-local] Predicting Prompt Index 2135.
2026-09-16 15:11:36,889 [INFO][connector.py::get_prediction(356)] [Connector ID: langgraph-agent-local] Predicting Prompt Index 2280.
2026-09-16 15:11:36,889 [INFO][connector.py::get_prediction(356)] [Connector ID: langgraph-agent-local] Predicting Prompt Index 2472.
2026-09-16 15:11:36,890 [INFO][connector.py::get_prediction(356)] [Connector ID: langgraph-agent-local] Predicting Prompt Index 2477.
2026-09-16 15:11:36,890 [INFO][connector.py::get_prediction(356)] [Connector ID: langgraph-agent-local] Predicting Prompt Index 2568.
2026-09-16 15:11:36,890 [INFO][connector.py::get_prediction(356)] [Connector ID: langgraph-agent-local] Predicting Prompt Index 2734.
2026-09-16 15:11:36,890 [INFO][connector.py::get_prediction(356)] [Connector ID: langgraph-agent-local] Predicting Prompt Index 2858.
2026-09-16 15:11:36,891 [INFO][connector.py::get_prediction(356)] [Connector ID: langgraph-agent-local] Predicting Prompt Index 2901.
2026-09-16 15:11:36,891 [INFO][connector.py::get_prediction(356)] [Connector ID: langgraph-agent-local] Predicting Prompt Index 3090.
2026-09-16 15:11:37,023 [ERROR][connector.py::perform_retry_callback(45)] [Connector ID: langgraph-agent-local] Attempt 1 failed due to error: Server error '500 Internal Server Error' for url 'http://localhost:8001/answer'
For more information check: https://developer.mozilla.org/en-US/docs/Web/HTTP/Status/500
2026-09-16 15:11:38,141 [ERROR][connector.py::perform_retry_callback(45)] [Connector ID: langgraph-agent-local] Attempt 2 failed due to error: Server error '500 Internal Server Error' for url 'http://localhost:8001/answer'
For more information check: https://developer.mozilla.org/en-US/docs/Web/HTTP/Status/500
2026-09-16 15:11:39,984 [ERROR][connector.py::perform_retry_callback(45)] [Connector ID: langgraph-agent-local] Attempt 3 failed due to error: Server error '500 Internal Server Error' for url 'http://localhost:8001/answer'
For more information check: https://developer.mozilla.org/en-US/docs/Web/HTTP/Status/500
2026-09-16 15:11:39,984 [ERROR][connector.py::get_prediction(384)] [Connector ID: langgraph-agent-local] Prompt Index 1878 failed to get prediction: Server error '500 Internal Server Error' for url 'http://localhost:8001/answer'
For more information check: https://developer.mozilla.org/en-US/docs/Web/HTTP/Status/500
2026-09-16 15:11:39,984 [ERROR][run_progress.py::notify_error(47)] [Benchmarking] Failed to generate prediction for prompt_info [conn_id: langgraph-agent-local, rec_id: mmlu, ds_id: mmlu-all, pt_id: mmlu, prompt_index: 1878] due to error: Server error '500 Internal Server Error' for url 'http://localhost:8001/answer'
For more information check: https://developer.mozilla.org/en-US/docs/Web/HTTP/Status/500
2026-09-16 15:11:40,183 [ERROR][connector.py::perform_retry_callback(45)] [Connector ID: langgraph-agent-local] Attempt 1 failed due to error: Server error '500 Internal Server Error' for url 'http://localhost:8001/answer'
For more information check: https://developer.mozilla.org/en-US/docs/Web/HTTP/Status/500
2026-09-16 15:11:41,311 [ERROR][connector.py::perform_retry_callback(45)] [Connector ID: langgraph-agent-local] Attempt 2 failed due to error: Server error '500 Internal Server Error' for url 'http://localhost:8001/answer'
For more information check: https://developer.mozilla.org/en-US/docs/Web/HTTP/Status/500
2026-09-16 15:11:42,836 [ERROR][connector.py::perform_retry_callback(45)] [Connector ID: langgraph-agent-local] Attempt 3 failed due to error: Server error '500 Internal Server Error' for url 'http://localhost:8001/answer'
For more information check: https://developer.mozilla.org/en-US/docs/Web/HTTP/Status/500
2026-09-16 15:11:42,836 [ERROR][connector.py::get_prediction(384)] [Connector ID: langgraph-agent-local] Prompt Index 2135 failed to get prediction: Server error '500 Internal Server Error' for url 'http://localhost:8001/answer'
For more information check: https://developer.mozilla.org/en-US/docs/Web/HTTP/Status/500
2026-09-16 15:11:42,836 [ERROR][run_progress.py::notify_error(47)] [Benchmarking] Failed to generate prediction for prompt_info [conn_id: langgraph-agent-local, rec_id: mmlu, ds_id: mmlu-all, pt_id: mmlu, prompt_index: 2135] due to error: Server error '500 Internal Server Error' for url 'http://localhost:8001/answer'
For more information check: https://developer.mozilla.org/en-US/docs/Web/HTTP/Status/500
2026-09-16 15:11:42,964 [ERROR][connector.py::perform_retry_callback(45)] [Connector ID: langgraph-agent-local] Attempt 1 failed due to error: Server error '500 Internal Server Error' for url 'http://localhost:8001/answer'
For more information check: https://developer.mozilla.org/en-US/docs/Web/HTTP/Status/500
2026-09-16 15:11:44,086 [ERROR][connector.py::perform_retry_callback(45)] [Connector ID: langgraph-agent-local] Attempt 2 failed due to error: Server error '500 Internal Server Error' for url 'http://localhost:8001/answer'
For more information check: https://developer.mozilla.org/en-US/docs/Web/HTTP/Status/500
2026-09-16 15:11:46,158 [ERROR][connector.py::perform_retry_callback(45)] [Connector ID: langgraph-agent-local] Attempt 3 failed due to error: Server error '500 Internal Server Error' for url 'http://localhost:8001/answer'
For more information check: https://developer.mozilla.org/en-US/docs/Web/HTTP/Status/500
2026-09-16 15:11:46,159 [ERROR][connector.py::get_prediction(384)] [Connector ID: langgraph-agent-local] Prompt Index 2280 failed to get prediction: Server error '500 Internal Server Error' for url 'http://localhost:8001/answer'
For more information check: https://developer.mozilla.org/en-US/docs/Web/HTTP/Status/500
2026-09-16 15:11:46,159 [ERROR][run_progress.py::notify_error(47)] [Benchmarking] Failed to generate prediction for prompt_info [conn_id: langgraph-agent-local, rec_id: mmlu, ds_id: mmlu-all, pt_id: mmlu, prompt_index: 2280] due to error: Server error '500 Internal Server Error' for url 'http://localhost:8001/answer'
For more information check: https://developer.mozilla.org/en-US/docs/Web/HTTP/Status/500
2026-09-16 15:11:46,282 [ERROR][connector.py::perform_retry_callback(45)] [Connector ID: langgraph-agent-local] Attempt 1 failed due to error: Server error '500 Internal Server Error' for url 'http://localhost:8001/answer'
For more information check: https://developer.mozilla.org/en-US/docs/Web/HTTP/Status/500
2026-09-16 15:11:47,424 [ERROR][connector.py::perform_retry_callback(45)] [Connector ID: langgraph-agent-local] Attempt 2 failed due to error: Server error '500 Internal Server Error' for url 'http://localhost:8001/answer'
For more information check: https://developer.mozilla.org/en-US/docs/Web/HTTP/Status/500
2026-09-16 15:11:49,042 [ERROR][connector.py::perform_retry_callback(45)] [Connector ID: langgraph-agent-local] Attempt 3 failed due to error: Server error '500 Internal Server Error' for url 'http://localhost:8001/answer'
For more information check: https://developer.mozilla.org/en-US/docs/Web/HTTP/Status/500
2026-09-16 15:11:49,043 [ERROR][connector.py::get_prediction(384)] [Connector ID: langgraph-agent-local] Prompt Index 2472 failed to get prediction: Server error '500 Internal Server Error' for url 'http://localhost:8001/answer'
For more information check: https://developer.mozilla.org/en-US/docs/Web/HTTP/Status/500
2026-09-16 15:11:49,043 [ERROR][run_progress.py::notify_error(47)] [Benchmarking] Failed to generate prediction for prompt_info [conn_id: langgraph-agent-local, rec_id: mmlu, ds_id: mmlu-all, pt_id: mmlu, prompt_index: 2472] due to error: Server error '500 Internal Server Error' for url 'http://localhost:8001/answer'
For more information check: https://developer.mozilla.org/en-US/docs/Web/HTTP/Status/500
2026-09-16 15:11:49,148 [ERROR][connector.py::perform_retry_callback(45)] [Connector ID: langgraph-agent-local] Attempt 1 failed due to error: Server error '500 Internal Server Error' for url 'http://localhost:8001/answer'
For more information check: https://developer.mozilla.org/en-US/docs/Web/HTTP/Status/500
2026-09-16 15:11:50,260 [ERROR][connector.py::perform_retry_callback(45)] [Connector ID: langgraph-agent-local] Attempt 2 failed due to error: Server error '500 Internal Server Error' for url 'http://localhost:8001/answer'
For more information check: https://developer.mozilla.org/en-US/docs/Web/HTTP/Status/500
2026-09-16 15:11:51,420 [ERROR][connector.py::perform_retry_callback(45)] [Connector ID: langgraph-agent-local] Attempt 3 failed due to error: Server error '500 Internal Server Error' for url 'http://localhost:8001/answer'
For more information check: https://developer.mozilla.org/en-US/docs/Web/HTTP/Status/500
2026-09-16 15:11:51,420 [ERROR][connector.py::get_prediction(384)] [Connector ID: langgraph-agent-local] Prompt Index 2477 failed to get prediction: Server error '500 Internal Server Error' for url 'http://localhost:8001/answer'
For more information check: https://developer.mozilla.org/en-US/docs/Web/HTTP/Status/500
2026-09-16 15:11:51,420 [ERROR][run_progress.py::notify_error(47)] [Benchmarking] Failed to generate prediction for prompt_info [conn_id: langgraph-agent-local, rec_id: mmlu, ds_id: mmlu-all, pt_id: mmlu, prompt_index: 2477] due to error: Server error '500 Internal Server Error' for url 'http://localhost:8001/answer'
For more information check: https://developer.mozilla.org/en-US/docs/Web/HTTP/Status/500
2026-09-16 15:11:51,519 [ERROR][connector.py::perform_retry_callback(45)] [Connector ID: langgraph-agent-local] Attempt 1 failed due to error: Server error '500 Internal Server Error' for url 'http://localhost:8001/answer'
For more information check: https://developer.mozilla.org/en-US/docs/Web/HTTP/Status/500
2026-09-16 15:11:52,644 [ERROR][connector.py::perform_retry_callback(45)] [Connector ID: langgraph-agent-local] Attempt 2 failed due to error: Server error '500 Internal Server Error' for url 'http://localhost:8001/answer'
For more information check: https://developer.mozilla.org/en-US/docs/Web/HTTP/Status/500
2026-09-16 15:11:54,440 [ERROR][connector.py::perform_retry_callback(45)] [Connector ID: langgraph-agent-local] Attempt 3 failed due to error: Server error '500 Internal Server Error' for url 'http://localhost:8001/answer'
For more information check: https://developer.mozilla.org/en-US/docs/Web/HTTP/Status/500
2026-09-16 15:11:54,440 [ERROR][connector.py::get_prediction(384)] [Connector ID: langgraph-agent-local] Prompt Index 2568 failed to get prediction: Server error '500 Internal Server Error' for url 'http://localhost:8001/answer'
For more information check: https://developer.mozilla.org/en-US/docs/Web/HTTP/Status/500
2026-09-16 15:11:54,440 [ERROR][run_progress.py::notify_error(47)] [Benchmarking] Failed to generate prediction for prompt_info [conn_id: langgraph-agent-local, rec_id: mmlu, ds_id: mmlu-all, pt_id: mmlu, prompt_index: 2568] due to error: Server error '500 Internal Server Error' for url 'http://localhost:8001/answer'
For more information check: https://developer.mozilla.org/en-US/docs/Web/HTTP/Status/500
2026-09-16 15:11:54,607 [ERROR][connector.py::perform_retry_callback(45)] [Connector ID: langgraph-agent-local] Attempt 1 failed due to error: Server error '500 Internal Server Error' for url 'http://localhost:8001/answer'
For more information check: https://developer.mozilla.org/en-US/docs/Web/HTTP/Status/500
2026-09-16 15:11:55,700 [ERROR][connector.py::perform_retry_callback(45)] [Connector ID: langgraph-agent-local] Attempt 2 failed due to error: Server error '500 Internal Server Error' for url 'http://localhost:8001/answer'
For more information check: https://developer.mozilla.org/en-US/docs/Web/HTTP/Status/500
2026-09-16 15:11:57,717 [ERROR][connector.py::perform_retry_callback(45)] [Connector ID: langgraph-agent-local] Attempt 3 failed due to error: Server error '500 Internal Server Error' for url 'http://localhost:8001/answer'
For more information check: https://developer.mozilla.org/en-US/docs/Web/HTTP/Status/500
2026-09-16 15:11:57,717 [ERROR][connector.py::get_prediction(384)] [Connector ID: langgraph-agent-local] Prompt Index 2734 failed to get prediction: Server error '500 Internal Server Error' for url 'http://localhost:8001/answer'
For more information check: https://developer.mozilla.org/en-US/docs/Web/HTTP/Status/500
2026-09-16 15:11:57,717 [ERROR][run_progress.py::notify_error(47)] [Benchmarking] Failed to generate prediction for prompt_info [conn_id: langgraph-agent-local, rec_id: mmlu, ds_id: mmlu-all, pt_id: mmlu, prompt_index: 2734] due to error: Server error '500 Internal Server Error' for url 'http://localhost:8001/answer'
For more information check: https://developer.mozilla.org/en-US/docs/Web/HTTP/Status/500
2026-09-16 15:11:57,983 [ERROR][connector.py::perform_retry_callback(45)] [Connector ID: langgraph-agent-local] Attempt 1 failed due to error: Server error '500 Internal Server Error' for url 'http://localhost:8001/answer'
For more information check: https://developer.mozilla.org/en-US/docs/Web/HTTP/Status/500
2026-09-16 15:11:59,108 [ERROR][connector.py::perform_retry_callback(45)] [Connector ID: langgraph-agent-local] Attempt 2 failed due to error: Server error '500 Internal Server Error' for url 'http://localhost:8001/answer'
For more information check: https://developer.mozilla.org/en-US/docs/Web/HTTP/Status/500
2026-09-16 15:12:00,792 [ERROR][connector.py::perform_retry_callback(45)] [Connector ID: langgraph-agent-local] Attempt 3 failed due to error: Server error '500 Internal Server Error' for url 'http://localhost:8001/answer'
For more information check: https://developer.mozilla.org/en-US/docs/Web/HTTP/Status/500
2026-09-16 15:12:00,792 [ERROR][connector.py::get_prediction(384)] [Connector ID: langgraph-agent-local] Prompt Index 2858 failed to get prediction: Server error '500 Internal Server Error' for url 'http://localhost:8001/answer'
For more information check: https://developer.mozilla.org/en-US/docs/Web/HTTP/Status/500
2026-09-16 15:12:00,792 [ERROR][run_progress.py::notify_error(47)] [Benchmarking] Failed to generate prediction for prompt_info [conn_id: langgraph-agent-local, rec_id: mmlu, ds_id: mmlu-all, pt_id: mmlu, prompt_index: 2858] due to error: Server error '500 Internal Server Error' for url 'http://localhost:8001/answer'
For more information check: https://developer.mozilla.org/en-US/docs/Web/HTTP/Status/500
2026-09-16 15:12:01,044 [ERROR][connector.py::perform_retry_callback(45)] [Connector ID: langgraph-agent-local] Attempt 1 failed due to error: Server error '500 Internal Server Error' for url 'http://localhost:8001/answer'
For more information check: https://developer.mozilla.org/en-US/docs/Web/HTTP/Status/500
2026-09-16 15:12:02,166 [ERROR][connector.py::perform_retry_callback(45)] [Connector ID: langgraph-agent-local] Attempt 2 failed due to error: Server error '500 Internal Server Error' for url 'http://localhost:8001/answer'
For more information check: https://developer.mozilla.org/en-US/docs/Web/HTTP/Status/500
2026-09-16 15:12:03,868 [ERROR][connector.py::perform_retry_callback(45)] [Connector ID: langgraph-agent-local] Attempt 3 failed due to error: Server error '500 Internal Server Error' for url 'http://localhost:8001/answer'
For more information check: https://developer.mozilla.org/en-US/docs/Web/HTTP/Status/500
2026-09-16 15:12:03,869 [ERROR][connector.py::get_prediction(384)] [Connector ID: langgraph-agent-local] Prompt Index 2901 failed to get prediction: Server error '500 Internal Server Error' for url 'http://localhost:8001/answer'
For more information check: https://developer.mozilla.org/en-US/docs/Web/HTTP/Status/500
2026-09-16 15:12:03,869 [ERROR][run_progress.py::notify_error(47)] [Benchmarking] Failed to generate prediction for prompt_info [conn_id: langgraph-agent-local, rec_id: mmlu, ds_id: mmlu-all, pt_id: mmlu, prompt_index: 2901] due to error: Server error '500 Internal Server Error' for url 'http://localhost:8001/answer'
For more information check: https://developer.mozilla.org/en-US/docs/Web/HTTP/Status/500
2026-09-16 15:12:04,044 [ERROR][connector.py::perform_retry_callback(45)] [Connector ID: langgraph-agent-local] Attempt 1 failed due to error: Server error '500 Internal Server Error' for url 'http://localhost:8001/answer'
For more information check: https://developer.mozilla.org/en-US/docs/Web/HTTP/Status/500
2026-09-16 15:12:05,146 [ERROR][connector.py::perform_retry_callback(45)] [Connector ID: langgraph-agent-local] Attempt 2 failed due to error: Server error '500 Internal Server Error' for url 'http://localhost:8001/answer'
For more information check: https://developer.mozilla.org/en-US/docs/Web/HTTP/Status/500
2026-09-16 15:12:07,201 [ERROR][connector.py::perform_retry_callback(45)] [Connector ID: langgraph-agent-local] Attempt 3 failed due to error: Server error '500 Internal Server Error' for url 'http://localhost:8001/answer'
For more information check: https://developer.mozilla.org/en-US/docs/Web/HTTP/Status/500
2026-09-16 15:12:07,201 [ERROR][connector.py::get_prediction(384)] [Connector ID: langgraph-agent-local] Prompt Index 3090 failed to get prediction: Server error '500 Internal Server Error' for url 'http://localhost:8001/answer'
For more information check: https://developer.mozilla.org/en-US/docs/Web/HTTP/Status/500
2026-09-16 15:12:07,201 [ERROR][run_progress.py::notify_error(47)] [Benchmarking] Failed to generate prediction for prompt_info [conn_id: langgraph-agent-local, rec_id: mmlu, ds_id: mmlu-all, pt_id: mmlu, prompt_index: 3090] due to error: Server error '500 Internal Server Error' for url 'http://localhost:8001/answer'
For more information check: https://developer.mozilla.org/en-US/docs/Web/HTTP/Status/500
2026-09-16 15:12:07,205 [INFO][connector.py::get_prediction(356)] [Connector ID: langgraph-agent-local] Predicting Prompt Index 3156.
2026-09-16 15:12:07,209 [INFO][connector.py::get_prediction(356)] [Connector ID: langgraph-agent-local] Predicting Prompt Index 3162.
2026-09-16 15:12:07,209 [INFO][connector.py::get_prediction(356)] [Connector ID: langgraph-agent-local] Predicting Prompt Index 3170.
2026-09-16 15:12:07,209 [INFO][connector.py::get_prediction(356)] [Connector ID: langgraph-agent-local] Predicting Prompt Index 3183.
2026-09-16 15:12:07,209 [INFO][connector.py::get_prediction(356)] [Connector ID: langgraph-agent-local] Predicting Prompt Index 3238.
2026-09-16 15:12:07,210 [INFO][connector.py::get_prediction(356)] [Connector ID: langgraph-agent-local] Predicting Prompt Index 3415.
2026-09-16 15:12:07,210 [INFO][connector.py::get_prediction(356)] [Connector ID: langgraph-agent-local] Predicting Prompt Index 3437.
2026-09-16 15:12:07,210 [INFO][connector.py::get_prediction(356)] [Connector ID: langgraph-agent-local] Predicting Prompt Index 3508.
2026-09-16 15:12:07,210 [INFO][connector.py::get_prediction(356)] [Connector ID: langgraph-agent-local] Predicting Prompt Index 3556.
2026-09-16 15:12:07,210 [INFO][connector.py::get_prediction(356)] [Connector ID: langgraph-agent-local] Predicting Prompt Index 3758.
2026-09-16 15:12:07,350 [ERROR][connector.py::perform_retry_callback(45)] [Connector ID: langgraph-agent-local] Attempt 1 failed due to error: Server error '500 Internal Server Error' for url 'http://localhost:8001/answer'
For more information check: https://developer.mozilla.org/en-US/docs/Web/HTTP/Status/500
2026-09-16 15:12:08,471 [ERROR][connector.py::perform_retry_callback(45)] [Connector ID: langgraph-agent-local] Attempt 2 failed due to error: Server error '500 Internal Server Error' for url 'http://localhost:8001/answer'
For more information check: https://developer.mozilla.org/en-US/docs/Web/HTTP/Status/500
2026-09-16 15:12:09,865 [ERROR][connector.py::perform_retry_callback(45)] [Connector ID: langgraph-agent-local] Attempt 3 failed due to error: Server error '500 Internal Server Error' for url 'http://localhost:8001/answer'
For more information check: https://developer.mozilla.org/en-US/docs/Web/HTTP/Status/500
2026-09-16 15:12:09,866 [ERROR][connector.py::get_prediction(384)] [Connector ID: langgraph-agent-local] Prompt Index 3156 failed to get prediction: Server error '500 Internal Server Error' for url 'http://localhost:8001/answer'
For more information check: https://developer.mozilla.org/en-US/docs/Web/HTTP/Status/500
2026-09-16 15:12:09,866 [ERROR][run_progress.py::notify_error(47)] [Benchmarking] Failed to generate prediction for prompt_info [conn_id: langgraph-agent-local, rec_id: mmlu, ds_id: mmlu-all, pt_id: mmlu, prompt_index: 3156] due to error: Server error '500 Internal Server Error' for url 'http://localhost:8001/answer'
For more information check: https://developer.mozilla.org/en-US/docs/Web/HTTP/Status/500
2026-09-16 15:12:10,044 [ERROR][connector.py::perform_retry_callback(45)] [Connector ID: langgraph-agent-local] Attempt 1 failed due to error: Server error '500 Internal Server Error' for url 'http://localhost:8001/answer'
For more information check: https://developer.mozilla.org/en-US/docs/Web/HTTP/Status/500
2026-09-16 15:12:11,170 [ERROR][connector.py::perform_retry_callback(45)] [Connector ID: langgraph-agent-local] Attempt 2 failed due to error: Server error '500 Internal Server Error' for url 'http://localhost:8001/answer'
For more information check: https://developer.mozilla.org/en-US/docs/Web/HTTP/Status/500
2026-09-16 15:12:12,532 [ERROR][connector.py::perform_retry_callback(45)] [Connector ID: langgraph-agent-local] Attempt 3 failed due to error: Server error '500 Internal Server Error' for url 'http://localhost:8001/answer'
For more information check: https://developer.mozilla.org/en-US/docs/Web/HTTP/Status/500
2026-09-16 15:12:12,532 [ERROR][connector.py::get_prediction(384)] [Connector ID: langgraph-agent-local] Prompt Index 3162 failed to get prediction: Server error '500 Internal Server Error' for url 'http://localhost:8001/answer'
For more information check: https://developer.mozilla.org/en-US/docs/Web/HTTP/Status/500
2026-09-16 15:12:12,532 [ERROR][run_progress.py::notify_error(47)] [Benchmarking] Failed to generate prediction for prompt_info [conn_id: langgraph-agent-local, rec_id: mmlu, ds_id: mmlu-all, pt_id: mmlu, prompt_index: 3162] due to error: Server error '500 Internal Server Error' for url 'http://localhost:8001/answer'
For more information check: https://developer.mozilla.org/en-US/docs/Web/HTTP/Status/500
2026-09-16 15:12:12,664 [ERROR][connector.py::perform_retry_callback(45)] [Connector ID: langgraph-agent-local] Attempt 1 failed due to error: Server error '500 Internal Server Error' for url 'http://localhost:8001/answer'
For more information check: https://developer.mozilla.org/en-US/docs/Web/HTTP/Status/500
2026-09-16 15:12:13,780 [ERROR][connector.py::perform_retry_callback(45)] [Connector ID: langgraph-agent-local] Attempt 2 failed due to error: Server error '500 Internal Server Error' for url 'http://localhost:8001/answer'
For more information check: https://developer.mozilla.org/en-US/docs/Web/HTTP/Status/500
2026-09-16 15:12:15,094 [ERROR][connector.py::perform_retry_callback(45)] [Connector ID: langgraph-agent-local] Attempt 3 failed due to error: Server error '500 Internal Server Error' for url 'http://localhost:8001/answer'
For more information check: https://developer.mozilla.org/en-US/docs/Web/HTTP/Status/500
2026-09-16 15:12:15,094 [ERROR][connector.py::get_prediction(384)] [Connector ID: langgraph-agent-local] Prompt Index 3170 failed to get prediction: Server error '500 Internal Server Error' for url 'http://localhost:8001/answer'
For more information check: https://developer.mozilla.org/en-US/docs/Web/HTTP/Status/500
2026-09-16 15:12:15,094 [ERROR][run_progress.py::notify_error(47)] [Benchmarking] Failed to generate prediction for prompt_info [conn_id: langgraph-agent-local, rec_id: mmlu, ds_id: mmlu-all, pt_id: mmlu, prompt_index: 3170] due to error: Server error '500 Internal Server Error' for url 'http://localhost:8001/answer'
For more information check: https://developer.mozilla.org/en-US/docs/Web/HTTP/Status/500
2026-09-16 15:12:15,262 [ERROR][connector.py::perform_retry_callback(45)] [Connector ID: langgraph-agent-local] Attempt 1 failed due to error: Server error '500 Internal Server Error' for url 'http://localhost:8001/answer'
For more information check: https://developer.mozilla.org/en-US/docs/Web/HTTP/Status/500
2026-09-16 15:12:16,382 [ERROR][connector.py::perform_retry_callback(45)] [Connector ID: langgraph-agent-local] Attempt 2 failed due to error: Server error '500 Internal Server Error' for url 'http://localhost:8001/answer'
For more information check: https://developer.mozilla.org/en-US/docs/Web/HTTP/Status/500
2026-09-16 15:12:18,132 [ERROR][connector.py::perform_retry_callback(45)] [Connector ID: langgraph-agent-local] Attempt 3 failed due to error: Server error '500 Internal Server Error' for url 'http://localhost:8001/answer'
For more information check: https://developer.mozilla.org/en-US/docs/Web/HTTP/Status/500
2026-09-16 15:12:18,132 [ERROR][connector.py::get_prediction(384)] [Connector ID: langgraph-agent-local] Prompt Index 3183 failed to get prediction: Server error '500 Internal Server Error' for url 'http://localhost:8001/answer'
For more information check: https://developer.mozilla.org/en-US/docs/Web/HTTP/Status/500
2026-09-16 15:12:18,132 [ERROR][run_progress.py::notify_error(47)] [Benchmarking] Failed to generate prediction for prompt_info [conn_id: langgraph-agent-local, rec_id: mmlu, ds_id: mmlu-all, pt_id: mmlu, prompt_index: 3183] due to error: Server error '500 Internal Server Error' for url 'http://localhost:8001/answer'
For more information check: https://developer.mozilla.org/en-US/docs/Web/HTTP/Status/500
2026-09-16 15:12:18,299 [ERROR][connector.py::perform_retry_callback(45)] [Connector ID: langgraph-agent-local] Attempt 1 failed due to error: Server error '500 Internal Server Error' for url 'http://localhost:8001/answer'
For more information check: https://developer.mozilla.org/en-US/docs/Web/HTTP/Status/500
2026-09-16 15:12:19,450 [ERROR][connector.py::perform_retry_callback(45)] [Connector ID: langgraph-agent-local] Attempt 2 failed due to error: Server error '500 Internal Server Error' for url 'http://localhost:8001/answer'
For more information check: https://developer.mozilla.org/en-US/docs/Web/HTTP/Status/500
2026-09-16 15:12:21,042 [ERROR][connector.py::perform_retry_callback(45)] [Connector ID: langgraph-agent-local] Attempt 3 failed due to error: Server error '500 Internal Server Error' for url 'http://localhost:8001/answer'
For more information check: https://developer.mozilla.org/en-US/docs/Web/HTTP/Status/500
2026-09-16 15:12:21,042 [ERROR][connector.py::get_prediction(384)] [Connector ID: langgraph-agent-local] Prompt Index 3238 failed to get prediction: Server error '500 Internal Server Error' for url 'http://localhost:8001/answer'
For more information check: https://developer.mozilla.org/en-US/docs/Web/HTTP/Status/500
2026-09-16 15:12:21,042 [ERROR][run_progress.py::notify_error(47)] [Benchmarking] Failed to generate prediction for prompt_info [conn_id: langgraph-agent-local, rec_id: mmlu, ds_id: mmlu-all, pt_id: mmlu, prompt_index: 3238] due to error: Server error '500 Internal Server Error' for url 'http://localhost:8001/answer'
For more information check: https://developer.mozilla.org/en-US/docs/Web/HTTP/Status/500
2026-09-16 15:12:21,155 [ERROR][connector.py::perform_retry_callback(45)] [Connector ID: langgraph-agent-local] Attempt 1 failed due to error: Server error '500 Internal Server Error' for url 'http://localhost:8001/answer'
For more information check: https://developer.mozilla.org/en-US/docs/Web/HTTP/Status/500
2026-09-16 15:12:22,282 [ERROR][connector.py::perform_retry_callback(45)] [Connector ID: langgraph-agent-local] Attempt 2 failed due to error: Server error '500 Internal Server Error' for url 'http://localhost:8001/answer'
For more information check: https://developer.mozilla.org/en-US/docs/Web/HTTP/Status/500
2026-09-16 15:12:23,409 [ERROR][connector.py::perform_retry_callback(45)] [Connector ID: langgraph-agent-local] Attempt 3 failed due to error: Server error '500 Internal Server Error' for url 'http://localhost:8001/answer'
For more information check: https://developer.mozilla.org/en-US/docs/Web/HTTP/Status/500
2026-09-16 15:12:23,409 [ERROR][connector.py::get_prediction(384)] [Connector ID: langgraph-agent-local] Prompt Index 3415 failed to get prediction: Server error '500 Internal Server Error' for url 'http://localhost:8001/answer'
For more information check: https://developer.mozilla.org/en-US/docs/Web/HTTP/Status/500
2026-09-16 15:12:23,409 [ERROR][run_progress.py::notify_error(47)] [Benchmarking] Failed to generate prediction for prompt_info [conn_id: langgraph-agent-local, rec_id: mmlu, ds_id: mmlu-all, pt_id: mmlu, prompt_index: 3415] due to error: Server error '500 Internal Server Error' for url 'http://localhost:8001/answer'
For more information check: https://developer.mozilla.org/en-US/docs/Web/HTTP/Status/500
2026-09-16 15:12:23,507 [ERROR][connector.py::perform_retry_callback(45)] [Connector ID: langgraph-agent-local] Attempt 1 failed due to error: Server error '500 Internal Server Error' for url 'http://localhost:8001/answer'
For more information check: https://developer.mozilla.org/en-US/docs/Web/HTTP/Status/500
2026-09-16 15:12:24,624 [ERROR][connector.py::perform_retry_callback(45)] [Connector ID: langgraph-agent-local] Attempt 2 failed due to error: Server error '500 Internal Server Error' for url 'http://localhost:8001/answer'
For more information check: https://developer.mozilla.org/en-US/docs/Web/HTTP/Status/500
2026-09-16 15:12:26,478 [ERROR][connector.py::perform_retry_callback(45)] [Connector ID: langgraph-agent-local] Attempt 3 failed due to error: Server error '500 Internal Server Error' for url 'http://localhost:8001/answer'
For more information check: https://developer.mozilla.org/en-US/docs/Web/HTTP/Status/500
2026-09-16 15:12:26,478 [ERROR][connector.py::get_prediction(384)] [Connector ID: langgraph-agent-local] Prompt Index 3437 failed to get prediction: Server error '500 Internal Server Error' for url 'http://localhost:8001/answer'
For more information check: https://developer.mozilla.org/en-US/docs/Web/HTTP/Status/500
2026-09-16 15:12:26,478 [ERROR][run_progress.py::notify_error(47)] [Benchmarking] Failed to generate prediction for prompt_info [conn_id: langgraph-agent-local, rec_id: mmlu, ds_id: mmlu-all, pt_id: mmlu, prompt_index: 3437] due to error: Server error '500 Internal Server Error' for url 'http://localhost:8001/answer'
For more information check: https://developer.mozilla.org/en-US/docs/Web/HTTP/Status/500
2026-09-16 15:12:26,600 [ERROR][connector.py::perform_retry_callback(45)] [Connector ID: langgraph-agent-local] Attempt 1 failed due to error: Server error '500 Internal Server Error' for url 'http://localhost:8001/answer'
For more information check: https://developer.mozilla.org/en-US/docs/Web/HTTP/Status/500
2026-09-16 15:12:27,717 [ERROR][connector.py::perform_retry_callback(45)] [Connector ID: langgraph-agent-local] Attempt 2 failed due to error: Server error '500 Internal Server Error' for url 'http://localhost:8001/answer'
For more information check: https://developer.mozilla.org/en-US/docs/Web/HTTP/Status/500
2026-09-16 15:12:29,272 [ERROR][connector.py::perform_retry_callback(45)] [Connector ID: langgraph-agent-local] Attempt 3 failed due to error: Server error '500 Internal Server Error' for url 'http://localhost:8001/answer'
For more information check: https://developer.mozilla.org/en-US/docs/Web/HTTP/Status/500
2026-09-16 15:12:29,272 [ERROR][connector.py::get_prediction(384)] [Connector ID: langgraph-agent-local] Prompt Index 3508 failed to get prediction: Server error '500 Internal Server Error' for url 'http://localhost:8001/answer'
For more information check: https://developer.mozilla.org/en-US/docs/Web/HTTP/Status/500
2026-09-16 15:12:29,272 [ERROR][run_progress.py::notify_error(47)] [Benchmarking] Failed to generate prediction for prompt_info [conn_id: langgraph-agent-local, rec_id: mmlu, ds_id: mmlu-all, pt_id: mmlu, prompt_index: 3508] due to error: Server error '500 Internal Server Error' for url 'http://localhost:8001/answer'
For more information check: https://developer.mozilla.org/en-US/docs/Web/HTTP/Status/500
2026-09-16 15:12:29,452 [ERROR][connector.py::perform_retry_callback(45)] [Connector ID: langgraph-agent-local] Attempt 1 failed due to error: Server error '500 Internal Server Error' for url 'http://localhost:8001/answer'
For more information check: https://developer.mozilla.org/en-US/docs/Web/HTTP/Status/500
2026-09-16 15:12:30,583 [ERROR][connector.py::perform_retry_callback(45)] [Connector ID: langgraph-agent-local] Attempt 2 failed due to error: Server error '500 Internal Server Error' for url 'http://localhost:8001/answer'
For more information check: https://developer.mozilla.org/en-US/docs/Web/HTTP/Status/500
2026-09-16 15:12:32,091 [ERROR][connector.py::perform_retry_callback(45)] [Connector ID: langgraph-agent-local] Attempt 3 failed due to error: Server error '500 Internal Server Error' for url 'http://localhost:8001/answer'
For more information check: https://developer.mozilla.org/en-US/docs/Web/HTTP/Status/500
2026-09-16 15:12:32,092 [ERROR][connector.py::get_prediction(384)] [Connector ID: langgraph-agent-local] Prompt Index 3556 failed to get prediction: Server error '500 Internal Server Error' for url 'http://localhost:8001/answer'
For more information check: https://developer.mozilla.org/en-US/docs/Web/HTTP/Status/500
2026-09-16 15:12:32,092 [ERROR][run_progress.py::notify_error(47)] [Benchmarking] Failed to generate prediction for prompt_info [conn_id: langgraph-agent-local, rec_id: mmlu, ds_id: mmlu-all, pt_id: mmlu, prompt_index: 3556] due to error: Server error '500 Internal Server Error' for url 'http://localhost:8001/answer'
For more information check: https://developer.mozilla.org/en-US/docs/Web/HTTP/Status/500
2026-09-16 15:12:32,207 [ERROR][connector.py::perform_retry_callback(45)] [Connector ID: langgraph-agent-local] Attempt 1 failed due to error: Server error '500 Internal Server Error' for url 'http://localhost:8001/answer'
For more information check: https://developer.mozilla.org/en-US/docs/Web/HTTP/Status/500
2026-09-16 15:12:33,319 [ERROR][connector.py::perform_retry_callback(45)] [Connector ID: langgraph-agent-local] Attempt 2 failed due to error: Server error '500 Internal Server Error' for url 'http://localhost:8001/answer'
For more information check: https://developer.mozilla.org/en-US/docs/Web/HTTP/Status/500
2026-09-16 15:12:34,625 [ERROR][connector.py::perform_retry_callback(45)] [Connector ID: langgraph-agent-local] Attempt 3 failed due to error: Server error '500 Internal Server Error' for url 'http://localhost:8001/answer'
For more information check: https://developer.mozilla.org/en-US/docs/Web/HTTP/Status/500
2026-09-16 15:12:34,626 [ERROR][connector.py::get_prediction(384)] [Connector ID: langgraph-agent-local] Prompt Index 3758 failed to get prediction: Server error '500 Internal Server Error' for url 'http://localhost:8001/answer'
For more information check: https://developer.mozilla.org/en-US/docs/Web/HTTP/Status/500
2026-09-16 15:12:34,626 [ERROR][run_progress.py::notify_error(47)] [Benchmarking] Failed to generate prediction for prompt_info [conn_id: langgraph-agent-local, rec_id: mmlu, ds_id: mmlu-all, pt_id: mmlu, prompt_index: 3758] due to error: Server error '500 Internal Server Error' for url 'http://localhost:8001/answer'
For more information check: https://developer.mozilla.org/en-US/docs/Web/HTTP/Status/500
2026-09-16 15:12:34,629 [INFO][connector.py::get_prediction(356)] [Connector ID: langgraph-agent-local] Predicting Prompt Index 3770.
2026-09-16 15:12:34,635 [INFO][connector.py::get_prediction(356)] [Connector ID: langgraph-agent-local] Predicting Prompt Index 3810.
2026-09-16 15:12:34,635 [INFO][connector.py::get_prediction(356)] [Connector ID: langgraph-agent-local] Predicting Prompt Index 3819.
2026-09-16 15:12:34,635 [INFO][connector.py::get_prediction(356)] [Connector ID: langgraph-agent-local] Predicting Prompt Index 3855.
2026-09-16 15:12:34,636 [INFO][connector.py::get_prediction(356)] [Connector ID: langgraph-agent-local] Predicting Prompt Index 4001.
2026-09-16 15:12:34,636 [INFO][connector.py::get_prediction(356)] [Connector ID: langgraph-agent-local] Predicting Prompt Index 4036.
2026-09-16 15:12:34,636 [INFO][connector.py::get_prediction(356)] [Connector ID: langgraph-agent-local] Predicting Prompt Index 4115.
2026-09-16 15:12:34,636 [INFO][connector.py::get_prediction(356)] [Connector ID: langgraph-agent-local] Predicting Prompt Index 4190.
2026-09-16 15:12:34,636 [INFO][connector.py::get_prediction(356)] [Connector ID: langgraph-agent-local] Predicting Prompt Index 4228.
2026-09-16 15:12:34,636 [INFO][connector.py::get_prediction(356)] [Connector ID: langgraph-agent-local] Predicting Prompt Index 4249.
2026-09-16 15:12:34,785 [ERROR][connector.py::perform_retry_callback(45)] [Connector ID: langgraph-agent-local] Attempt 1 failed due to error: Server error '500 Internal Server Error' for url 'http://localhost:8001/answer'
For more information check: https://developer.mozilla.org/en-US/docs/Web/HTTP/Status/500
2026-09-16 15:12:35,903 [ERROR][connector.py::perform_retry_callback(45)] [Connector ID: langgraph-agent-local] Attempt 2 failed due to error: Server error '500 Internal Server Error' for url 'http://localhost:8001/answer'
For more information check: https://developer.mozilla.org/en-US/docs/Web/HTTP/Status/500
2026-09-16 15:12:37,516 [ERROR][connector.py::perform_retry_callback(45)] [Connector ID: langgraph-agent-local] Attempt 3 failed due to error: Server error '500 Internal Server Error' for url 'http://localhost:8001/answer'
For more information check: https://developer.mozilla.org/en-US/docs/Web/HTTP/Status/500
2026-09-16 15:12:37,517 [ERROR][connector.py::get_prediction(384)] [Connector ID: langgraph-agent-local] Prompt Index 3770 failed to get prediction: Server error '500 Internal Server Error' for url 'http://localhost:8001/answer'
For more information check: https://developer.mozilla.org/en-US/docs/Web/HTTP/Status/500
2026-09-16 15:12:37,517 [ERROR][run_progress.py::notify_error(47)] [Benchmarking] Failed to generate prediction for prompt_info [conn_id: langgraph-agent-local, rec_id: mmlu, ds_id: mmlu-all, pt_id: mmlu, prompt_index: 3770] due to error: Server error '500 Internal Server Error' for url 'http://localhost:8001/answer'
For more information check: https://developer.mozilla.org/en-US/docs/Web/HTTP/Status/500
2026-09-16 15:12:37,683 [ERROR][connector.py::perform_retry_callback(45)] [Connector ID: langgraph-agent-local] Attempt 1 failed due to error: Server error '500 Internal Server Error' for url 'http://localhost:8001/answer'
For more information check: https://developer.mozilla.org/en-US/docs/Web/HTTP/Status/500
2026-09-16 15:12:38,784 [ERROR][connector.py::perform_retry_callback(45)] [Connector ID: langgraph-agent-local] Attempt 2 failed due to error: Server error '500 Internal Server Error' for url 'http://localhost:8001/answer'
For more information check: https://developer.mozilla.org/en-US/docs/Web/HTTP/Status/500
2026-09-16 15:12:40,491 [ERROR][connector.py::perform_retry_callback(45)] [Connector ID: langgraph-agent-local] Attempt 3 failed due to error: Server error '500 Internal Server Error' for url 'http://localhost:8001/answer'
For more information check: https://developer.mozilla.org/en-US/docs/Web/HTTP/Status/500
2026-09-16 15:12:40,491 [ERROR][connector.py::get_prediction(384)] [Connector ID: langgraph-agent-local] Prompt Index 3810 failed to get prediction: Server error '500 Internal Server Error' for url 'http://localhost:8001/answer'
For more information check: https://developer.mozilla.org/en-US/docs/Web/HTTP/Status/500
2026-09-16 15:12:40,491 [ERROR][run_progress.py::notify_error(47)] [Benchmarking] Failed to generate prediction for prompt_info [conn_id: langgraph-agent-local, rec_id: mmlu, ds_id: mmlu-all, pt_id: mmlu, prompt_index: 3810] due to error: Server error '500 Internal Server Error' for url 'http://localhost:8001/answer'
For more information check: https://developer.mozilla.org/en-US/docs/Web/HTTP/Status/500
2026-09-16 15:12:40,586 [ERROR][connector.py::perform_retry_callback(45)] [Connector ID: langgraph-agent-local] Attempt 1 failed due to error: Server error '500 Internal Server Error' for url 'http://localhost:8001/answer'
For more information check: https://developer.mozilla.org/en-US/docs/Web/HTTP/Status/500
2026-09-16 15:12:41,710 [ERROR][connector.py::perform_retry_callback(45)] [Connector ID: langgraph-agent-local] Attempt 2 failed due to error: Server error '500 Internal Server Error' for url 'http://localhost:8001/answer'
For more information check: https://developer.mozilla.org/en-US/docs/Web/HTTP/Status/500
2026-09-16 15:12:43,078 [ERROR][connector.py::perform_retry_callback(45)] [Connector ID: langgraph-agent-local] Attempt 3 failed due to error: Server error '500 Internal Server Error' for url 'http://localhost:8001/answer'
For more information check: https://developer.mozilla.org/en-US/docs/Web/HTTP/Status/500
2026-09-16 15:12:43,079 [ERROR][connector.py::get_prediction(384)] [Connector ID: langgraph-agent-local] Prompt Index 3819 failed to get prediction: Server error '500 Internal Server Error' for url 'http://localhost:8001/answer'
For more information check: https://developer.mozilla.org/en-US/docs/Web/HTTP/Status/500
2026-09-16 15:12:43,079 [ERROR][run_progress.py::notify_error(47)] [Benchmarking] Failed to generate prediction for prompt_info [conn_id: langgraph-agent-local, rec_id: mmlu, ds_id: mmlu-all, pt_id: mmlu, prompt_index: 3819] due to error: Server error '500 Internal Server Error' for url 'http://localhost:8001/answer'
For more information check: https://developer.mozilla.org/en-US/docs/Web/HTTP/Status/500
2026-09-16 15:12:43,270 [ERROR][connector.py::perform_retry_callback(45)] [Connector ID: langgraph-agent-local] Attempt 1 failed due to error: Server error '500 Internal Server Error' for url 'http://localhost:8001/answer'
For more information check: https://developer.mozilla.org/en-US/docs/Web/HTTP/Status/500
2026-09-16 15:12:44,400 [ERROR][connector.py::perform_retry_callback(45)] [Connector ID: langgraph-agent-local] Attempt 2 failed due to error: Server error '500 Internal Server Error' for url 'http://localhost:8001/answer'
For more information check: https://developer.mozilla.org/en-US/docs/Web/HTTP/Status/500
2026-09-16 15:12:45,789 [ERROR][connector.py::perform_retry_callback(45)] [Connector ID: langgraph-agent-local] Attempt 3 failed due to error: Server error '500 Internal Server Error' for url 'http://localhost:8001/answer'
For more information check: https://developer.mozilla.org/en-US/docs/Web/HTTP/Status/500
2026-09-16 15:12:45,789 [ERROR][connector.py::get_prediction(384)] [Connector ID: langgraph-agent-local] Prompt Index 3855 failed to get prediction: Server error '500 Internal Server Error' for url 'http://localhost:8001/answer'
For more information check: https://developer.mozilla.org/en-US/docs/Web/HTTP/Status/500
2026-09-16 15:12:45,789 [ERROR][run_progress.py::notify_error(47)] [Benchmarking] Failed to generate prediction for prompt_info [conn_id: langgraph-agent-local, rec_id: mmlu, ds_id: mmlu-all, pt_id: mmlu, prompt_index: 3855] due to error: Server error '500 Internal Server Error' for url 'http://localhost:8001/answer'
For more information check: https://developer.mozilla.org/en-US/docs/Web/HTTP/Status/500
2026-09-16 15:12:45,961 [ERROR][connector.py::perform_retry_callback(45)] [Connector ID: langgraph-agent-local] Attempt 1 failed due to error: Server error '500 Internal Server Error' for url 'http://localhost:8001/answer'
For more information check: https://developer.mozilla.org/en-US/docs/Web/HTTP/Status/500
2026-09-16 15:12:47,094 [ERROR][connector.py::perform_retry_callback(45)] [Connector ID: langgraph-agent-local] Attempt 2 failed due to error: Server error '500 Internal Server Error' for url 'http://localhost:8001/answer'
For more information check: https://developer.mozilla.org/en-US/docs/Web/HTTP/Status/500
2026-09-16 15:12:48,541 [ERROR][connector.py::perform_retry_callback(45)] [Connector ID: langgraph-agent-local] Attempt 3 failed due to error: Server error '500 Internal Server Error' for url 'http://localhost:8001/answer'
For more information check: https://developer.mozilla.org/en-US/docs/Web/HTTP/Status/500
2026-09-16 15:12:48,541 [ERROR][connector.py::get_prediction(384)] [Connector ID: langgraph-agent-local] Prompt Index 4001 failed to get prediction: Server error '500 Internal Server Error' for url 'http://localhost:8001/answer'
For more information check: https://developer.mozilla.org/en-US/docs/Web/HTTP/Status/500
2026-09-16 15:12:48,541 [ERROR][run_progress.py::notify_error(47)] [Benchmarking] Failed to generate prediction for prompt_info [conn_id: langgraph-agent-local, rec_id: mmlu, ds_id: mmlu-all, pt_id: mmlu, prompt_index: 4001] due to error: Server error '500 Internal Server Error' for url 'http://localhost:8001/answer'
For more information check: https://developer.mozilla.org/en-US/docs/Web/HTTP/Status/500
2026-09-16 15:12:48,649 [ERROR][connector.py::perform_retry_callback(45)] [Connector ID: langgraph-agent-local] Attempt 1 failed due to error: Server error '500 Internal Server Error' for url 'http://localhost:8001/answer'
For more information check: https://developer.mozilla.org/en-US/docs/Web/HTTP/Status/500
2026-09-16 15:12:49,757 [ERROR][connector.py::perform_retry_callback(45)] [Connector ID: langgraph-agent-local] Attempt 2 failed due to error: Server error '500 Internal Server Error' for url 'http://localhost:8001/answer'
For more information check: https://developer.mozilla.org/en-US/docs/Web/HTTP/Status/500
2026-09-16 15:12:51,560 [ERROR][connector.py::perform_retry_callback(45)] [Connector ID: langgraph-agent-local] Attempt 3 failed due to error: Server error '500 Internal Server Error' for url 'http://localhost:8001/answer'
For more information check: https://developer.mozilla.org/en-US/docs/Web/HTTP/Status/500
2026-09-16 15:12:51,560 [ERROR][connector.py::get_prediction(384)] [Connector ID: langgraph-agent-local] Prompt Index 4036 failed to get prediction: Server error '500 Internal Server Error' for url 'http://localhost:8001/answer'
For more information check: https://developer.mozilla.org/en-US/docs/Web/HTTP/Status/500
2026-09-16 15:12:51,560 [ERROR][run_progress.py::notify_error(47)] [Benchmarking] Failed to generate prediction for prompt_info [conn_id: langgraph-agent-local, rec_id: mmlu, ds_id: mmlu-all, pt_id: mmlu, prompt_index: 4036] due to error: Server error '500 Internal Server Error' for url 'http://localhost:8001/answer'
For more information check: https://developer.mozilla.org/en-US/docs/Web/HTTP/Status/500
2026-09-16 15:12:51,724 [ERROR][connector.py::perform_retry_callback(45)] [Connector ID: langgraph-agent-local] Attempt 1 failed due to error: Server error '500 Internal Server Error' for url 'http://localhost:8001/answer'
For more information check: https://developer.mozilla.org/en-US/docs/Web/HTTP/Status/500
2026-09-16 15:12:52,850 [ERROR][connector.py::perform_retry_callback(45)] [Connector ID: langgraph-agent-local] Attempt 2 failed due to error: Server error '500 Internal Server Error' for url 'http://localhost:8001/answer'
For more information check: https://developer.mozilla.org/en-US/docs/Web/HTTP/Status/500
2026-09-16 15:12:54,412 [ERROR][connector.py::perform_retry_callback(45)] [Connector ID: langgraph-agent-local] Attempt 3 failed due to error: Server error '500 Internal Server Error' for url 'http://localhost:8001/answer'
For more information check: https://developer.mozilla.org/en-US/docs/Web/HTTP/Status/500
2026-09-16 15:12:54,412 [ERROR][connector.py::get_prediction(384)] [Connector ID: langgraph-agent-local] Prompt Index 4115 failed to get prediction: Server error '500 Internal Server Error' for url 'http://localhost:8001/answer'
For more information check: https://developer.mozilla.org/en-US/docs/Web/HTTP/Status/500
2026-09-16 15:12:54,412 [ERROR][run_progress.py::notify_error(47)] [Benchmarking] Failed to generate prediction for prompt_info [conn_id: langgraph-agent-local, rec_id: mmlu, ds_id: mmlu-all, pt_id: mmlu, prompt_index: 4115] due to error: Server error '500 Internal Server Error' for url 'http://localhost:8001/answer'
For more information check: https://developer.mozilla.org/en-US/docs/Web/HTTP/Status/500
2026-09-16 15:12:54,532 [ERROR][connector.py::perform_retry_callback(45)] [Connector ID: langgraph-agent-local] Attempt 1 failed due to error: Server error '500 Internal Server Error' for url 'http://localhost:8001/answer'
For more information check: https://developer.mozilla.org/en-US/docs/Web/HTTP/Status/500
2026-09-16 15:12:55,653 [ERROR][connector.py::perform_retry_callback(45)] [Connector ID: langgraph-agent-local] Attempt 2 failed due to error: Server error '500 Internal Server Error' for url 'http://localhost:8001/answer'
For more information check: https://developer.mozilla.org/en-US/docs/Web/HTTP/Status/500
2026-09-16 15:12:57,370 [ERROR][connector.py::perform_retry_callback(45)] [Connector ID: langgraph-agent-local] Attempt 3 failed due to error: Server error '500 Internal Server Error' for url 'http://localhost:8001/answer'
For more information check: https://developer.mozilla.org/en-US/docs/Web/HTTP/Status/500
2026-09-16 15:12:57,370 [ERROR][connector.py::get_prediction(384)] [Connector ID: langgraph-agent-local] Prompt Index 4190 failed to get prediction: Server error '500 Internal Server Error' for url 'http://localhost:8001/answer'
For more information check: https://developer.mozilla.org/en-US/docs/Web/HTTP/Status/500
2026-09-16 15:12:57,370 [ERROR][run_progress.py::notify_error(47)] [Benchmarking] Failed to generate prediction for prompt_info [conn_id: langgraph-agent-local, rec_id: mmlu, ds_id: mmlu-all, pt_id: mmlu, prompt_index: 4190] due to error: Server error '500 Internal Server Error' for url 'http://localhost:8001/answer'
For more information check: https://developer.mozilla.org/en-US/docs/Web/HTTP/Status/500
2026-09-16 15:12:57,537 [ERROR][connector.py::perform_retry_callback(45)] [Connector ID: langgraph-agent-local] Attempt 1 failed due to error: Server error '500 Internal Server Error' for url 'http://localhost:8001/answer'
For more information check: https://developer.mozilla.org/en-US/docs/Web/HTTP/Status/500
2026-09-16 15:12:58,656 [ERROR][connector.py::perform_retry_callback(45)] [Connector ID: langgraph-agent-local] Attempt 2 failed due to error: Server error '500 Internal Server Error' for url 'http://localhost:8001/answer'
For more information check: https://developer.mozilla.org/en-US/docs/Web/HTTP/Status/500
2026-09-16 15:13:00,774 [ERROR][connector.py::perform_retry_callback(45)] [Connector ID: langgraph-agent-local] Attempt 3 failed due to error: Server error '500 Internal Server Error' for url 'http://localhost:8001/answer'
For more information check: https://developer.mozilla.org/en-US/docs/Web/HTTP/Status/500
2026-09-16 15:13:00,774 [ERROR][connector.py::get_prediction(384)] [Connector ID: langgraph-agent-local] Prompt Index 4228 failed to get prediction: Server error '500 Internal Server Error' for url 'http://localhost:8001/answer'
For more information check: https://developer.mozilla.org/en-US/docs/Web/HTTP/Status/500
2026-09-16 15:13:00,774 [ERROR][run_progress.py::notify_error(47)] [Benchmarking] Failed to generate prediction for prompt_info [conn_id: langgraph-agent-local, rec_id: mmlu, ds_id: mmlu-all, pt_id: mmlu, prompt_index: 4228] due to error: Server error '500 Internal Server Error' for url 'http://localhost:8001/answer'
For more information check: https://developer.mozilla.org/en-US/docs/Web/HTTP/Status/500
2026-09-16 15:13:00,941 [ERROR][connector.py::perform_retry_callback(45)] [Connector ID: langgraph-agent-local] Attempt 1 failed due to error: Server error '500 Internal Server Error' for url 'http://localhost:8001/answer'
For more information check: https://developer.mozilla.org/en-US/docs/Web/HTTP/Status/500
2026-09-16 15:13:02,076 [ERROR][connector.py::perform_retry_callback(45)] [Connector ID: langgraph-agent-local] Attempt 2 failed due to error: Server error '500 Internal Server Error' for url 'http://localhost:8001/answer'
For more information check: https://developer.mozilla.org/en-US/docs/Web/HTTP/Status/500
2026-09-16 15:13:04,043 [ERROR][connector.py::perform_retry_callback(45)] [Connector ID: langgraph-agent-local] Attempt 3 failed due to error: Server error '500 Internal Server Error' for url 'http://localhost:8001/answer'
For more information check: https://developer.mozilla.org/en-US/docs/Web/HTTP/Status/500
2026-09-16 15:13:04,043 [ERROR][connector.py::get_prediction(384)] [Connector ID: langgraph-agent-local] Prompt Index 4249 failed to get prediction: Server error '500 Internal Server Error' for url 'http://localhost:8001/answer'
For more information check: https://developer.mozilla.org/en-US/docs/Web/HTTP/Status/500
2026-09-16 15:13:04,043 [ERROR][run_progress.py::notify_error(47)] [Benchmarking] Failed to generate prediction for prompt_info [conn_id: langgraph-agent-local, rec_id: mmlu, ds_id: mmlu-all, pt_id: mmlu, prompt_index: 4249] due to error: Server error '500 Internal Server Error' for url 'http://localhost:8001/answer'
For more information check: https://developer.mozilla.org/en-US/docs/Web/HTTP/Status/500
2026-09-16 15:13:04,048 [INFO][connector.py::get_prediction(356)] [Connector ID: langgraph-agent-local] Predicting Prompt Index 4372.
2026-09-16 15:13:04,052 [INFO][connector.py::get_prediction(356)] [Connector ID: langgraph-agent-local] Predicting Prompt Index 4423.
2026-09-16 15:13:04,053 [INFO][connector.py::get_prediction(356)] [Connector ID: langgraph-agent-local] Predicting Prompt Index 4456.
2026-09-16 15:13:04,053 [INFO][connector.py::get_prediction(356)] [Connector ID: langgraph-agent-local] Predicting Prompt Index 4717.
2026-09-16 15:13:04,053 [INFO][connector.py::get_prediction(356)] [Connector ID: langgraph-agent-local] Predicting Prompt Index 4923.
2026-09-16 15:13:04,053 [INFO][connector.py::get_prediction(356)] [Connector ID: langgraph-agent-local] Predicting Prompt Index 4932.
2026-09-16 15:13:04,053 [INFO][connector.py::get_prediction(356)] [Connector ID: langgraph-agent-local] Predicting Prompt Index 5041.
2026-09-16 15:13:04,053 [INFO][connector.py::get_prediction(356)] [Connector ID: langgraph-agent-local] Predicting Prompt Index 5138.
2026-09-16 15:13:04,053 [INFO][connector.py::get_prediction(356)] [Connector ID: langgraph-agent-local] Predicting Prompt Index 5215.
2026-09-16 15:13:04,053 [INFO][connector.py::get_prediction(356)] [Connector ID: langgraph-agent-local] Predicting Prompt Index 5434.
2026-09-16 15:13:04,198 [ERROR][connector.py::perform_retry_callback(45)] [Connector ID: langgraph-agent-local] Attempt 1 failed due to error: Server error '500 Internal Server Error' for url 'http://localhost:8001/answer'
For more information check: https://developer.mozilla.org/en-US/docs/Web/HTTP/Status/500
2026-09-16 15:13:05,335 [ERROR][connector.py::perform_retry_callback(45)] [Connector ID: langgraph-agent-local] Attempt 2 failed due to error: Server error '500 Internal Server Error' for url 'http://localhost:8001/answer'
For more information check: https://developer.mozilla.org/en-US/docs/Web/HTTP/Status/500
2026-09-16 15:13:07,294 [ERROR][connector.py::perform_retry_callback(45)] [Connector ID: langgraph-agent-local] Attempt 3 failed due to error: Server error '500 Internal Server Error' for url 'http://localhost:8001/answer'
For more information check: https://developer.mozilla.org/en-US/docs/Web/HTTP/Status/500
2026-09-16 15:13:07,294 [ERROR][connector.py::get_prediction(384)] [Connector ID: langgraph-agent-local] Prompt Index 4372 failed to get prediction: Server error '500 Internal Server Error' for url 'http://localhost:8001/answer'
For more information check: https://developer.mozilla.org/en-US/docs/Web/HTTP/Status/500
2026-09-16 15:13:07,294 [ERROR][run_progress.py::notify_error(47)] [Benchmarking] Failed to generate prediction for prompt_info [conn_id: langgraph-agent-local, rec_id: mmlu, ds_id: mmlu-all, pt_id: mmlu, prompt_index: 4372] due to error: Server error '500 Internal Server Error' for url 'http://localhost:8001/answer'
For more information check: https://developer.mozilla.org/en-US/docs/Web/HTTP/Status/500
2026-09-16 15:13:07,483 [ERROR][connector.py::perform_retry_callback(45)] [Connector ID: langgraph-agent-local] Attempt 1 failed due to error: Server error '500 Internal Server Error' for url 'http://localhost:8001/answer'
For more information check: https://developer.mozilla.org/en-US/docs/Web/HTTP/Status/500
2026-09-16 15:13:08,639 [ERROR][connector.py::perform_retry_callback(45)] [Connector ID: langgraph-agent-local] Attempt 2 failed due to error: Server error '500 Internal Server Error' for url 'http://localhost:8001/answer'
For more information check: https://developer.mozilla.org/en-US/docs/Web/HTTP/Status/500
2026-09-16 15:13:10,102 [ERROR][connector.py::perform_retry_callback(45)] [Connector ID: langgraph-agent-local] Attempt 3 failed due to error: Server error '500 Internal Server Error' for url 'http://localhost:8001/answer'
For more information check: https://developer.mozilla.org/en-US/docs/Web/HTTP/Status/500
2026-09-16 15:13:10,102 [ERROR][connector.py::get_prediction(384)] [Connector ID: langgraph-agent-local] Prompt Index 4423 failed to get prediction: Server error '500 Internal Server Error' for url 'http://localhost:8001/answer'
For more information check: https://developer.mozilla.org/en-US/docs/Web/HTTP/Status/500
2026-09-16 15:13:10,102 [ERROR][run_progress.py::notify_error(47)] [Benchmarking] Failed to generate prediction for prompt_info [conn_id: langgraph-agent-local, rec_id: mmlu, ds_id: mmlu-all, pt_id: mmlu, prompt_index: 4423] due to error: Server error '500 Internal Server Error' for url 'http://localhost:8001/answer'
For more information check: https://developer.mozilla.org/en-US/docs/Web/HTTP/Status/500
2026-09-16 15:13:10,280 [ERROR][connector.py::perform_retry_callback(45)] [Connector ID: langgraph-agent-local] Attempt 1 failed due to error: Server error '500 Internal Server Error' for url 'http://localhost:8001/answer'
For more information check: https://developer.mozilla.org/en-US/docs/Web/HTTP/Status/500
2026-09-16 15:13:11,433 [ERROR][connector.py::perform_retry_callback(45)] [Connector ID: langgraph-agent-local] Attempt 2 failed due to error: Server error '500 Internal Server Error' for url 'http://localhost:8001/answer'
For more information check: https://developer.mozilla.org/en-US/docs/Web/HTTP/Status/500
2026-09-16 15:13:13,135 [ERROR][connector.py::perform_retry_callback(45)] [Connector ID: langgraph-agent-local] Attempt 3 failed due to error: Server error '500 Internal Server Error' for url 'http://localhost:8001/answer'
For more information check: https://developer.mozilla.org/en-US/docs/Web/HTTP/Status/500
2026-09-16 15:13:13,136 [ERROR][connector.py::get_prediction(384)] [Connector ID: langgraph-agent-local] Prompt Index 4456 failed to get prediction: Server error '500 Internal Server Error' for url 'http://localhost:8001/answer'
For more information check: https://developer.mozilla.org/en-US/docs/Web/HTTP/Status/500
2026-09-16 15:13:13,136 [ERROR][run_progress.py::notify_error(47)] [Benchmarking] Failed to generate prediction for prompt_info [conn_id: langgraph-agent-local, rec_id: mmlu, ds_id: mmlu-all, pt_id: mmlu, prompt_index: 4456] due to error: Server error '500 Internal Server Error' for url 'http://localhost:8001/answer'
For more information check: https://developer.mozilla.org/en-US/docs/Web/HTTP/Status/500
2026-09-16 15:13:13,314 [ERROR][connector.py::perform_retry_callback(45)] [Connector ID: langgraph-agent-local] Attempt 1 failed due to error: Server error '500 Internal Server Error' for url 'http://localhost:8001/answer'
For more information check: https://developer.mozilla.org/en-US/docs/Web/HTTP/Status/500
2026-09-16 15:13:14,446 [ERROR][connector.py::perform_retry_callback(45)] [Connector ID: langgraph-agent-local] Attempt 2 failed due to error: Server error '500 Internal Server Error' for url 'http://localhost:8001/answer'
For more information check: https://developer.mozilla.org/en-US/docs/Web/HTTP/Status/500
2026-09-16 15:13:16,552 [ERROR][connector.py::perform_retry_callback(45)] [Connector ID: langgraph-agent-local] Attempt 3 failed due to error: Server error '500 Internal Server Error' for url 'http://localhost:8001/answer'
For more information check: https://developer.mozilla.org/en-US/docs/Web/HTTP/Status/500
2026-09-16 15:13:16,553 [ERROR][connector.py::get_prediction(384)] [Connector ID: langgraph-agent-local] Prompt Index 4717 failed to get prediction: Server error '500 Internal Server Error' for url 'http://localhost:8001/answer'
For more information check: https://developer.mozilla.org/en-US/docs/Web/HTTP/Status/500
2026-09-16 15:13:16,553 [ERROR][run_progress.py::notify_error(47)] [Benchmarking] Failed to generate prediction for prompt_info [conn_id: langgraph-agent-local, rec_id: mmlu, ds_id: mmlu-all, pt_id: mmlu, prompt_index: 4717] due to error: Server error '500 Internal Server Error' for url 'http://localhost:8001/answer'
For more information check: https://developer.mozilla.org/en-US/docs/Web/HTTP/Status/500
2026-09-16 15:13:16,659 [ERROR][connector.py::perform_retry_callback(45)] [Connector ID: langgraph-agent-local] Attempt 1 failed due to error: Server error '500 Internal Server Error' for url 'http://localhost:8001/answer'
For more information check: https://developer.mozilla.org/en-US/docs/Web/HTTP/Status/500
2026-09-16 15:13:17,778 [ERROR][connector.py::perform_retry_callback(45)] [Connector ID: langgraph-agent-local] Attempt 2 failed due to error: Server error '500 Internal Server Error' for url 'http://localhost:8001/answer'
For more information check: https://developer.mozilla.org/en-US/docs/Web/HTTP/Status/500
2026-09-16 15:13:19,245 [ERROR][connector.py::perform_retry_callback(45)] [Connector ID: langgraph-agent-local] Attempt 3 failed due to error: Server error '500 Internal Server Error' for url 'http://localhost:8001/answer'
For more information check: https://developer.mozilla.org/en-US/docs/Web/HTTP/Status/500
2026-09-16 15:13:19,246 [ERROR][connector.py::get_prediction(384)] [Connector ID: langgraph-agent-local] Prompt Index 4923 failed to get prediction: Server error '500 Internal Server Error' for url 'http://localhost:8001/answer'
For more information check: https://developer.mozilla.org/en-US/docs/Web/HTTP/Status/500
2026-09-16 15:13:19,246 [ERROR][run_progress.py::notify_error(47)] [Benchmarking] Failed to generate prediction for prompt_info [conn_id: langgraph-agent-local, rec_id: mmlu, ds_id: mmlu-all, pt_id: mmlu, prompt_index: 4923] due to error: Server error '500 Internal Server Error' for url 'http://localhost:8001/answer'
For more information check: https://developer.mozilla.org/en-US/docs/Web/HTTP/Status/500
2026-09-16 15:13:19,414 [ERROR][connector.py::perform_retry_callback(45)] [Connector ID: langgraph-agent-local] Attempt 1 failed due to error: Server error '500 Internal Server Error' for url 'http://localhost:8001/answer'
For more information check: https://developer.mozilla.org/en-US/docs/Web/HTTP/Status/500
2026-09-16 15:13:20,521 [ERROR][connector.py::perform_retry_callback(45)] [Connector ID: langgraph-agent-local] Attempt 2 failed due to error: Server error '500 Internal Server Error' for url 'http://localhost:8001/answer'
For more information check: https://developer.mozilla.org/en-US/docs/Web/HTTP/Status/500
2026-09-16 15:13:21,871 [ERROR][connector.py::perform_retry_callback(45)] [Connector ID: langgraph-agent-local] Attempt 3 failed due to error: Server error '500 Internal Server Error' for url 'http://localhost:8001/answer'
For more information check: https://developer.mozilla.org/en-US/docs/Web/HTTP/Status/500
2026-09-16 15:13:21,872 [ERROR][connector.py::get_prediction(384)] [Connector ID: langgraph-agent-local] Prompt Index 4932 failed to get prediction: Server error '500 Internal Server Error' for url 'http://localhost:8001/answer'
For more information check: https://developer.mozilla.org/en-US/docs/Web/HTTP/Status/500
2026-09-16 15:13:21,872 [ERROR][run_progress.py::notify_error(47)] [Benchmarking] Failed to generate prediction for prompt_info [conn_id: langgraph-agent-local, rec_id: mmlu, ds_id: mmlu-all, pt_id: mmlu, prompt_index: 4932] due to error: Server error '500 Internal Server Error' for url 'http://localhost:8001/answer'
For more information check: https://developer.mozilla.org/en-US/docs/Web/HTTP/Status/500
2026-09-16 15:13:21,975 [ERROR][connector.py::perform_retry_callback(45)] [Connector ID: langgraph-agent-local] Attempt 1 failed due to error: Server error '500 Internal Server Error' for url 'http://localhost:8001/answer'
For more information check: https://developer.mozilla.org/en-US/docs/Web/HTTP/Status/500
2026-09-16 15:13:23,083 [ERROR][connector.py::perform_retry_callback(45)] [Connector ID: langgraph-agent-local] Attempt 2 failed due to error: Server error '500 Internal Server Error' for url 'http://localhost:8001/answer'
For more information check: https://developer.mozilla.org/en-US/docs/Web/HTTP/Status/500
2026-09-16 15:13:25,075 [ERROR][connector.py::perform_retry_callback(45)] [Connector ID: langgraph-agent-local] Attempt 3 failed due to error: Server error '500 Internal Server Error' for url 'http://localhost:8001/answer'
For more information check: https://developer.mozilla.org/en-US/docs/Web/HTTP/Status/500
2026-09-16 15:13:25,075 [ERROR][connector.py::get_prediction(384)] [Connector ID: langgraph-agent-local] Prompt Index 5041 failed to get prediction: Server error '500 Internal Server Error' for url 'http://localhost:8001/answer'
For more information check: https://developer.mozilla.org/en-US/docs/Web/HTTP/Status/500
2026-09-16 15:13:25,075 [ERROR][run_progress.py::notify_error(47)] [Benchmarking] Failed to generate prediction for prompt_info [conn_id: langgraph-agent-local, rec_id: mmlu, ds_id: mmlu-all, pt_id: mmlu, prompt_index: 5041] due to error: Server error '500 Internal Server Error' for url 'http://localhost:8001/answer'
For more information check: https://developer.mozilla.org/en-US/docs/Web/HTTP/Status/500
2026-09-16 15:13:25,181 [ERROR][connector.py::perform_retry_callback(45)] [Connector ID: langgraph-agent-local] Attempt 1 failed due to error: Server error '500 Internal Server Error' for url 'http://localhost:8001/answer'
For more information check: https://developer.mozilla.org/en-US/docs/Web/HTTP/Status/500
2026-09-16 15:13:26,317 [ERROR][connector.py::perform_retry_callback(45)] [Connector ID: langgraph-agent-local] Attempt 2 failed due to error: Server error '500 Internal Server Error' for url 'http://localhost:8001/answer'
For more information check: https://developer.mozilla.org/en-US/docs/Web/HTTP/Status/500
2026-09-16 15:13:28,308 [ERROR][connector.py::perform_retry_callback(45)] [Connector ID: langgraph-agent-local] Attempt 3 failed due to error: Server error '500 Internal Server Error' for url 'http://localhost:8001/answer'
For more information check: https://developer.mozilla.org/en-US/docs/Web/HTTP/Status/500
2026-09-16 15:13:28,309 [ERROR][connector.py::get_prediction(384)] [Connector ID: langgraph-agent-local] Prompt Index 5138 failed to get prediction: Server error '500 Internal Server Error' for url 'http://localhost:8001/answer'
For more information check: https://developer.mozilla.org/en-US/docs/Web/HTTP/Status/500
2026-09-16 15:13:28,309 [ERROR][run_progress.py::notify_error(47)] [Benchmarking] Failed to generate prediction for prompt_info [conn_id: langgraph-agent-local, rec_id: mmlu, ds_id: mmlu-all, pt_id: mmlu, prompt_index: 5138] due to error: Server error '500 Internal Server Error' for url 'http://localhost:8001/answer'
For more information check: https://developer.mozilla.org/en-US/docs/Web/HTTP/Status/500
2026-09-16 15:13:28,426 [ERROR][connector.py::perform_retry_callback(45)] [Connector ID: langgraph-agent-local] Attempt 1 failed due to error: Server error '500 Internal Server Error' for url 'http://localhost:8001/answer'
For more information check: https://developer.mozilla.org/en-US/docs/Web/HTTP/Status/500
2026-09-16 15:13:29,565 [ERROR][connector.py::perform_retry_callback(45)] [Connector ID: langgraph-agent-local] Attempt 2 failed due to error: Server error '500 Internal Server Error' for url 'http://localhost:8001/answer'
For more information check: https://developer.mozilla.org/en-US/docs/Web/HTTP/Status/500
2026-09-16 15:13:31,223 [ERROR][connector.py::perform_retry_callback(45)] [Connector ID: langgraph-agent-local] Attempt 3 failed due to error: Server error '500 Internal Server Error' for url 'http://localhost:8001/answer'
For more information check: https://developer.mozilla.org/en-US/docs/Web/HTTP/Status/500
2026-09-16 15:13:31,223 [ERROR][connector.py::get_prediction(384)] [Connector ID: langgraph-agent-local] Prompt Index 5215 failed to get prediction: Server error '500 Internal Server Error' for url 'http://localhost:8001/answer'
For more information check: https://developer.mozilla.org/en-US/docs/Web/HTTP/Status/500
2026-09-16 15:13:31,223 [ERROR][run_progress.py::notify_error(47)] [Benchmarking] Failed to generate prediction for prompt_info [conn_id: langgraph-agent-local, rec_id: mmlu, ds_id: mmlu-all, pt_id: mmlu, prompt_index: 5215] due to error: Server error '500 Internal Server Error' for url 'http://localhost:8001/answer'
For more information check: https://developer.mozilla.org/en-US/docs/Web/HTTP/Status/500
2026-09-16 15:13:31,359 [ERROR][connector.py::perform_retry_callback(45)] [Connector ID: langgraph-agent-local] Attempt 1 failed due to error: Server error '500 Internal Server Error' for url 'http://localhost:8001/answer'
For more information check: https://developer.mozilla.org/en-US/docs/Web/HTTP/Status/500
2026-09-16 15:13:32,474 [ERROR][connector.py::perform_retry_callback(45)] [Connector ID: langgraph-agent-local] Attempt 2 failed due to error: Server error '500 Internal Server Error' for url 'http://localhost:8001/answer'
For more information check: https://developer.mozilla.org/en-US/docs/Web/HTTP/Status/500
2026-09-16 15:13:33,777 [ERROR][connector.py::perform_retry_callback(45)] [Connector ID: langgraph-agent-local] Attempt 3 failed due to error: Server error '500 Internal Server Error' for url 'http://localhost:8001/answer'
For more information check: https://developer.mozilla.org/en-US/docs/Web/HTTP/Status/500
2026-09-16 15:13:33,777 [ERROR][connector.py::get_prediction(384)] [Connector ID: langgraph-agent-local] Prompt Index 5434 failed to get prediction: Server error '500 Internal Server Error' for url 'http://localhost:8001/answer'
For more information check: https://developer.mozilla.org/en-US/docs/Web/HTTP/Status/500
2026-09-16 15:13:33,777 [ERROR][run_progress.py::notify_error(47)] [Benchmarking] Failed to generate prediction for prompt_info [conn_id: langgraph-agent-local, rec_id: mmlu, ds_id: mmlu-all, pt_id: mmlu, prompt_index: 5434] due to error: Server error '500 Internal Server Error' for url 'http://localhost:8001/answer'
For more information check: https://developer.mozilla.org/en-US/docs/Web/HTTP/Status/500
2026-09-16 15:13:33,781 [INFO][connector.py::get_prediction(356)] [Connector ID: langgraph-agent-local] Predicting Prompt Index 5458.
2026-09-16 15:13:33,788 [INFO][connector.py::get_prediction(356)] [Connector ID: langgraph-agent-local] Predicting Prompt Index 5534.
2026-09-16 15:13:33,788 [INFO][connector.py::get_prediction(356)] [Connector ID: langgraph-agent-local] Predicting Prompt Index 5671.
2026-09-16 15:13:33,788 [INFO][connector.py::get_prediction(356)] [Connector ID: langgraph-agent-local] Predicting Prompt Index 5833.
2026-09-16 15:13:33,788 [INFO][connector.py::get_prediction(356)] [Connector ID: langgraph-agent-local] Predicting Prompt Index 5876.
2026-09-16 15:13:33,788 [INFO][connector.py::get_prediction(356)] [Connector ID: langgraph-agent-local] Predicting Prompt Index 5878.
2026-09-16 15:13:33,788 [INFO][connector.py::get_prediction(356)] [Connector ID: langgraph-agent-local] Predicting Prompt Index 5971.
2026-09-16 15:13:33,788 [INFO][connector.py::get_prediction(356)] [Connector ID: langgraph-agent-local] Predicting Prompt Index 6224.
2026-09-16 15:13:33,788 [INFO][connector.py::get_prediction(356)] [Connector ID: langgraph-agent-local] Predicting Prompt Index 6359.
2026-09-16 15:13:33,788 [INFO][connector.py::get_prediction(356)] [Connector ID: langgraph-agent-local] Predicting Prompt Index 6464.
2026-09-16 15:13:34,048 [ERROR][connector.py::perform_retry_callback(45)] [Connector ID: langgraph-agent-local] Attempt 1 failed due to error: Server error '500 Internal Server Error' for url 'http://localhost:8001/answer'
For more information check: https://developer.mozilla.org/en-US/docs/Web/HTTP/Status/500
2026-09-16 15:13:35,176 [ERROR][connector.py::perform_retry_callback(45)] [Connector ID: langgraph-agent-local] Attempt 2 failed due to error: Server error '500 Internal Server Error' for url 'http://localhost:8001/answer'
For more information check: https://developer.mozilla.org/en-US/docs/Web/HTTP/Status/500
2026-09-16 15:13:36,427 [ERROR][connector.py::perform_retry_callback(45)] [Connector ID: langgraph-agent-local] Attempt 3 failed due to error: Server error '500 Internal Server Error' for url 'http://localhost:8001/answer'
For more information check: https://developer.mozilla.org/en-US/docs/Web/HTTP/Status/500
2026-09-16 15:13:36,427 [ERROR][connector.py::get_prediction(384)] [Connector ID: langgraph-agent-local] Prompt Index 5458 failed to get prediction: Server error '500 Internal Server Error' for url 'http://localhost:8001/answer'
For more information check: https://developer.mozilla.org/en-US/docs/Web/HTTP/Status/500
2026-09-16 15:13:36,427 [ERROR][run_progress.py::notify_error(47)] [Benchmarking] Failed to generate prediction for prompt_info [conn_id: langgraph-agent-local, rec_id: mmlu, ds_id: mmlu-all, pt_id: mmlu, prompt_index: 5458] due to error: Server error '500 Internal Server Error' for url 'http://localhost:8001/answer'
For more information check: https://developer.mozilla.org/en-US/docs/Web/HTTP/Status/500
2026-09-16 15:13:36,595 [ERROR][connector.py::perform_retry_callback(45)] [Connector ID: langgraph-agent-local] Attempt 1 failed due to error: Server error '500 Internal Server Error' for url 'http://localhost:8001/answer'
For more information check: https://developer.mozilla.org/en-US/docs/Web/HTTP/Status/500
2026-09-16 15:13:37,705 [ERROR][connector.py::perform_retry_callback(45)] [Connector ID: langgraph-agent-local] Attempt 2 failed due to error: Server error '500 Internal Server Error' for url 'http://localhost:8001/answer'
For more information check: https://developer.mozilla.org/en-US/docs/Web/HTTP/Status/500
2026-09-16 15:13:39,053 [ERROR][connector.py::perform_retry_callback(45)] [Connector ID: langgraph-agent-local] Attempt 3 failed due to error: Server error '500 Internal Server Error' for url 'http://localhost:8001/answer'
For more information check: https://developer.mozilla.org/en-US/docs/Web/HTTP/Status/500
2026-09-16 15:13:39,053 [ERROR][connector.py::get_prediction(384)] [Connector ID: langgraph-agent-local] Prompt Index 5534 failed to get prediction: Server error '500 Internal Server Error' for url 'http://localhost:8001/answer'
For more information check: https://developer.mozilla.org/en-US/docs/Web/HTTP/Status/500
2026-09-16 15:13:39,053 [ERROR][run_progress.py::notify_error(47)] [Benchmarking] Failed to generate prediction for prompt_info [conn_id: langgraph-agent-local, rec_id: mmlu, ds_id: mmlu-all, pt_id: mmlu, prompt_index: 5534] due to error: Server error '500 Internal Server Error' for url 'http://localhost:8001/answer'
For more information check: https://developer.mozilla.org/en-US/docs/Web/HTTP/Status/500
2026-09-16 15:13:39,174 [ERROR][connector.py::perform_retry_callback(45)] [Connector ID: langgraph-agent-local] Attempt 1 failed due to error: Server error '500 Internal Server Error' for url 'http://localhost:8001/answer'
For more information check: https://developer.mozilla.org/en-US/docs/Web/HTTP/Status/500
2026-09-16 15:13:40,291 [ERROR][connector.py::perform_retry_callback(45)] [Connector ID: langgraph-agent-local] Attempt 2 failed due to error: Server error '500 Internal Server Error' for url 'http://localhost:8001/answer'
For more information check: https://developer.mozilla.org/en-US/docs/Web/HTTP/Status/500
2026-09-16 15:13:42,232 [ERROR][connector.py::perform_retry_callback(45)] [Connector ID: langgraph-agent-local] Attempt 3 failed due to error: Server error '500 Internal Server Error' for url 'http://localhost:8001/answer'
For more information check: https://developer.mozilla.org/en-US/docs/Web/HTTP/Status/500
2026-09-16 15:13:42,232 [ERROR][connector.py::get_prediction(384)] [Connector ID: langgraph-agent-local] Prompt Index 5671 failed to get prediction: Server error '500 Internal Server Error' for url 'http://localhost:8001/answer'
For more information check: https://developer.mozilla.org/en-US/docs/Web/HTTP/Status/500
2026-09-16 15:13:42,232 [ERROR][run_progress.py::notify_error(47)] [Benchmarking] Failed to generate prediction for prompt_info [conn_id: langgraph-agent-local, rec_id: mmlu, ds_id: mmlu-all, pt_id: mmlu, prompt_index: 5671] due to error: Server error '500 Internal Server Error' for url 'http://localhost:8001/answer'
For more information check: https://developer.mozilla.org/en-US/docs/Web/HTTP/Status/500
2026-09-16 15:13:42,392 [ERROR][connector.py::perform_retry_callback(45)] [Connector ID: langgraph-agent-local] Attempt 1 failed due to error: Server error '500 Internal Server Error' for url 'http://localhost:8001/answer'
For more information check: https://developer.mozilla.org/en-US/docs/Web/HTTP/Status/500
2026-09-16 15:13:43,505 [ERROR][connector.py::perform_retry_callback(45)] [Connector ID: langgraph-agent-local] Attempt 2 failed due to error: Server error '500 Internal Server Error' for url 'http://localhost:8001/answer'
For more information check: https://developer.mozilla.org/en-US/docs/Web/HTTP/Status/500
2026-09-16 15:13:45,130 [ERROR][connector.py::perform_retry_callback(45)] [Connector ID: langgraph-agent-local] Attempt 3 failed due to error: Server error '500 Internal Server Error' for url 'http://localhost:8001/answer'
For more information check: https://developer.mozilla.org/en-US/docs/Web/HTTP/Status/500
2026-09-16 15:13:45,130 [ERROR][connector.py::get_prediction(384)] [Connector ID: langgraph-agent-local] Prompt Index 5833 failed to get prediction: Server error '500 Internal Server Error' for url 'http://localhost:8001/answer'
For more information check: https://developer.mozilla.org/en-US/docs/Web/HTTP/Status/500
2026-09-16 15:13:45,130 [ERROR][run_progress.py::notify_error(47)] [Benchmarking] Failed to generate prediction for prompt_info [conn_id: langgraph-agent-local, rec_id: mmlu, ds_id: mmlu-all, pt_id: mmlu, prompt_index: 5833] due to error: Server error '500 Internal Server Error' for url 'http://localhost:8001/answer'
For more information check: https://developer.mozilla.org/en-US/docs/Web/HTTP/Status/500
2026-09-16 15:13:45,250 [ERROR][connector.py::perform_retry_callback(45)] [Connector ID: langgraph-agent-local] Attempt 1 failed due to error: Server error '500 Internal Server Error' for url 'http://localhost:8001/answer'
For more information check: https://developer.mozilla.org/en-US/docs/Web/HTTP/Status/500
2026-09-16 15:13:46,362 [ERROR][connector.py::perform_retry_callback(45)] [Connector ID: langgraph-agent-local] Attempt 2 failed due to error: Server error '500 Internal Server Error' for url 'http://localhost:8001/answer'
For more information check: https://developer.mozilla.org/en-US/docs/Web/HTTP/Status/500
2026-09-16 15:13:48,321 [ERROR][connector.py::perform_retry_callback(45)] [Connector ID: langgraph-agent-local] Attempt 3 failed due to error: Server error '500 Internal Server Error' for url 'http://localhost:8001/answer'
For more information check: https://developer.mozilla.org/en-US/docs/Web/HTTP/Status/500
2026-09-16 15:13:48,321 [ERROR][connector.py::get_prediction(384)] [Connector ID: langgraph-agent-local] Prompt Index 5876 failed to get prediction: Server error '500 Internal Server Error' for url 'http://localhost:8001/answer'
For more information check: https://developer.mozilla.org/en-US/docs/Web/HTTP/Status/500
2026-09-16 15:13:48,321 [ERROR][run_progress.py::notify_error(47)] [Benchmarking] Failed to generate prediction for prompt_info [conn_id: langgraph-agent-local, rec_id: mmlu, ds_id: mmlu-all, pt_id: mmlu, prompt_index: 5876] due to error: Server error '500 Internal Server Error' for url 'http://localhost:8001/answer'
For more information check: https://developer.mozilla.org/en-US/docs/Web/HTTP/Status/500
2026-09-16 15:13:48,441 [ERROR][connector.py::perform_retry_callback(45)] [Connector ID: langgraph-agent-local] Attempt 1 failed due to error: Server error '500 Internal Server Error' for url 'http://localhost:8001/answer'
For more information check: https://developer.mozilla.org/en-US/docs/Web/HTTP/Status/500
2026-09-16 15:13:49,552 [ERROR][connector.py::perform_retry_callback(45)] [Connector ID: langgraph-agent-local] Attempt 2 failed due to error: Server error '500 Internal Server Error' for url 'http://localhost:8001/answer'
For more information check: https://developer.mozilla.org/en-US/docs/Web/HTTP/Status/500
2026-09-16 15:13:50,890 [ERROR][connector.py::perform_retry_callback(45)] [Connector ID: langgraph-agent-local] Attempt 3 failed due to error: Server error '500 Internal Server Error' for url 'http://localhost:8001/answer'
For more information check: https://developer.mozilla.org/en-US/docs/Web/HTTP/Status/500
2026-09-16 15:13:50,890 [ERROR][connector.py::get_prediction(384)] [Connector ID: langgraph-agent-local] Prompt Index 5878 failed to get prediction: Server error '500 Internal Server Error' for url 'http://localhost:8001/answer'
For more information check: https://developer.mozilla.org/en-US/docs/Web/HTTP/Status/500
2026-09-16 15:13:50,890 [ERROR][run_progress.py::notify_error(47)] [Benchmarking] Failed to generate prediction for prompt_info [conn_id: langgraph-agent-local, rec_id: mmlu, ds_id: mmlu-all, pt_id: mmlu, prompt_index: 5878] due to error: Server error '500 Internal Server Error' for url 'http://localhost:8001/answer'
For more information check: https://developer.mozilla.org/en-US/docs/Web/HTTP/Status/500
2026-09-16 15:13:51,000 [ERROR][connector.py::perform_retry_callback(45)] [Connector ID: langgraph-agent-local] Attempt 1 failed due to error: Server error '500 Internal Server Error' for url 'http://localhost:8001/answer'
For more information check: https://developer.mozilla.org/en-US/docs/Web/HTTP/Status/500
2026-09-16 15:13:52,131 [ERROR][connector.py::perform_retry_callback(45)] [Connector ID: langgraph-agent-local] Attempt 2 failed due to error: Server error '500 Internal Server Error' for url 'http://localhost:8001/answer'
For more information check: https://developer.mozilla.org/en-US/docs/Web/HTTP/Status/500
2026-09-16 15:13:53,934 [ERROR][connector.py::perform_retry_callback(45)] [Connector ID: langgraph-agent-local] Attempt 3 failed due to error: Server error '500 Internal Server Error' for url 'http://localhost:8001/answer'
For more information check: https://developer.mozilla.org/en-US/docs/Web/HTTP/Status/500
2026-09-16 15:13:53,934 [ERROR][connector.py::get_prediction(384)] [Connector ID: langgraph-agent-local] Prompt Index 5971 failed to get prediction: Server error '500 Internal Server Error' for url 'http://localhost:8001/answer'
For more information check: https://developer.mozilla.org/en-US/docs/Web/HTTP/Status/500
2026-09-16 15:13:53,934 [ERROR][run_progress.py::notify_error(47)] [Benchmarking] Failed to generate prediction for prompt_info [conn_id: langgraph-agent-local, rec_id: mmlu, ds_id: mmlu-all, pt_id: mmlu, prompt_index: 5971] due to error: Server error '500 Internal Server Error' for url 'http://localhost:8001/answer'
For more information check: https://developer.mozilla.org/en-US/docs/Web/HTTP/Status/500
2026-09-16 15:13:54,051 [ERROR][connector.py::perform_retry_callback(45)] [Connector ID: langgraph-agent-local] Attempt 1 failed due to error: Server error '500 Internal Server Error' for url 'http://localhost:8001/answer'
For more information check: https://developer.mozilla.org/en-US/docs/Web/HTTP/Status/500
2026-09-16 15:13:55,175 [ERROR][connector.py::perform_retry_callback(45)] [Connector ID: langgraph-agent-local] Attempt 2 failed due to error: Server error '500 Internal Server Error' for url 'http://localhost:8001/answer'
For more information check: https://developer.mozilla.org/en-US/docs/Web/HTTP/Status/500
2026-09-16 15:13:56,956 [ERROR][connector.py::perform_retry_callback(45)] [Connector ID: langgraph-agent-local] Attempt 3 failed due to error: Server error '500 Internal Server Error' for url 'http://localhost:8001/answer'
For more information check: https://developer.mozilla.org/en-US/docs/Web/HTTP/Status/500
2026-09-16 15:13:56,956 [ERROR][connector.py::get_prediction(384)] [Connector ID: langgraph-agent-local] Prompt Index 6224 failed to get prediction: Server error '500 Internal Server Error' for url 'http://localhost:8001/answer'
For more information check: https://developer.mozilla.org/en-US/docs/Web/HTTP/Status/500
2026-09-16 15:13:56,956 [ERROR][run_progress.py::notify_error(47)] [Benchmarking] Failed to generate prediction for prompt_info [conn_id: langgraph-agent-local, rec_id: mmlu, ds_id: mmlu-all, pt_id: mmlu, prompt_index: 6224] due to error: Server error '500 Internal Server Error' for url 'http://localhost:8001/answer'
For more information check: https://developer.mozilla.org/en-US/docs/Web/HTTP/Status/500
2026-09-16 15:13:57,044 [ERROR][connector.py::perform_retry_callback(45)] [Connector ID: langgraph-agent-local] Attempt 1 failed due to error: Server error '500 Internal Server Error' for url 'http://localhost:8001/answer'
For more information check: https://developer.mozilla.org/en-US/docs/Web/HTTP/Status/500
2026-09-16 15:13:58,156 [ERROR][connector.py::perform_retry_callback(45)] [Connector ID: langgraph-agent-local] Attempt 2 failed due to error: Server error '500 Internal Server Error' for url 'http://localhost:8001/answer'
For more information check: https://developer.mozilla.org/en-US/docs/Web/HTTP/Status/500
2026-09-16 15:14:00,130 [ERROR][connector.py::perform_retry_callback(45)] [Connector ID: langgraph-agent-local] Attempt 3 failed due to error: Server error '500 Internal Server Error' for url 'http://localhost:8001/answer'
For more information check: https://developer.mozilla.org/en-US/docs/Web/HTTP/Status/500
2026-09-16 15:14:00,131 [ERROR][connector.py::get_prediction(384)] [Connector ID: langgraph-agent-local] Prompt Index 6359 failed to get prediction: Server error '500 Internal Server Error' for url 'http://localhost:8001/answer'
For more information check: https://developer.mozilla.org/en-US/docs/Web/HTTP/Status/500
2026-09-16 15:14:00,131 [ERROR][run_progress.py::notify_error(47)] [Benchmarking] Failed to generate prediction for prompt_info [conn_id: langgraph-agent-local, rec_id: mmlu, ds_id: mmlu-all, pt_id: mmlu, prompt_index: 6359] due to error: Server error '500 Internal Server Error' for url 'http://localhost:8001/answer'
For more information check: https://developer.mozilla.org/en-US/docs/Web/HTTP/Status/500
2026-09-16 15:14:00,294 [ERROR][connector.py::perform_retry_callback(45)] [Connector ID: langgraph-agent-local] Attempt 1 failed due to error: Server error '500 Internal Server Error' for url 'http://localhost:8001/answer'
For more information check: https://developer.mozilla.org/en-US/docs/Web/HTTP/Status/500
2026-09-16 15:14:01,408 [ERROR][connector.py::perform_retry_callback(45)] [Connector ID: langgraph-agent-local] Attempt 2 failed due to error: Server error '500 Internal Server Error' for url 'http://localhost:8001/answer'
For more information check: https://developer.mozilla.org/en-US/docs/Web/HTTP/Status/500
2026-09-16 15:14:03,019 [ERROR][connector.py::perform_retry_callback(45)] [Connector ID: langgraph-agent-local] Attempt 3 failed due to error: Server error '500 Internal Server Error' for url 'http://localhost:8001/answer'
For more information check: https://developer.mozilla.org/en-US/docs/Web/HTTP/Status/500
2026-09-16 15:14:03,019 [ERROR][connector.py::get_prediction(384)] [Connector ID: langgraph-agent-local] Prompt Index 6464 failed to get prediction: Server error '500 Internal Server Error' for url 'http://localhost:8001/answer'
For more information check: https://developer.mozilla.org/en-US/docs/Web/HTTP/Status/500
2026-09-16 15:14:03,019 [ERROR][run_progress.py::notify_error(47)] [Benchmarking] Failed to generate prediction for prompt_info [conn_id: langgraph-agent-local, rec_id: mmlu, ds_id: mmlu-all, pt_id: mmlu, prompt_index: 6464] due to error: Server error '500 Internal Server Error' for url 'http://localhost:8001/answer'
For more information check: https://developer.mozilla.org/en-US/docs/Web/HTTP/Status/500
2026-09-16 15:14:03,020 [INFO][connector.py::get_prediction(356)] [Connector ID: langgraph-agent-local] Predicting Prompt Index 6481.
2026-09-16 15:14:03,027 [INFO][connector.py::get_prediction(356)] [Connector ID: langgraph-agent-local] Predicting Prompt Index 6515.
2026-09-16 15:14:03,027 [INFO][connector.py::get_prediction(356)] [Connector ID: langgraph-agent-local] Predicting Prompt Index 6522.
2026-09-16 15:14:03,027 [INFO][connector.py::get_prediction(356)] [Connector ID: langgraph-agent-local] Predicting Prompt Index 6728.
2026-09-16 15:14:03,027 [INFO][connector.py::get_prediction(356)] [Connector ID: langgraph-agent-local] Predicting Prompt Index 7069.
2026-09-16 15:14:03,027 [INFO][connector.py::get_prediction(356)] [Connector ID: langgraph-agent-local] Predicting Prompt Index 7244.
2026-09-16 15:14:03,027 [INFO][connector.py::get_prediction(356)] [Connector ID: langgraph-agent-local] Predicting Prompt Index 7278.
2026-09-16 15:14:03,027 [INFO][connector.py::get_prediction(356)] [Connector ID: langgraph-agent-local] Predicting Prompt Index 7541.
2026-09-16 15:14:03,027 [INFO][connector.py::get_prediction(356)] [Connector ID: langgraph-agent-local] Predicting Prompt Index 7743.
2026-09-16 15:14:03,027 [INFO][connector.py::get_prediction(356)] [Connector ID: langgraph-agent-local] Predicting Prompt Index 7791.
2026-09-16 15:14:03,201 [ERROR][connector.py::perform_retry_callback(45)] [Connector ID: langgraph-agent-local] Attempt 1 failed due to error: Server error '500 Internal Server Error' for url 'http://localhost:8001/answer'
For more information check: https://developer.mozilla.org/en-US/docs/Web/HTTP/Status/500
2026-09-16 15:14:04,361 [ERROR][connector.py::perform_retry_callback(45)] [Connector ID: langgraph-agent-local] Attempt 2 failed due to error: Server error '500 Internal Server Error' for url 'http://localhost:8001/answer'
For more information check: https://developer.mozilla.org/en-US/docs/Web/HTTP/Status/500
2026-09-16 15:14:05,932 [ERROR][connector.py::perform_retry_callback(45)] [Connector ID: langgraph-agent-local] Attempt 3 failed due to error: Server error '500 Internal Server Error' for url 'http://localhost:8001/answer'
For more information check: https://developer.mozilla.org/en-US/docs/Web/HTTP/Status/500
2026-09-16 15:14:05,933 [ERROR][connector.py::get_prediction(384)] [Connector ID: langgraph-agent-local] Prompt Index 6481 failed to get prediction: Server error '500 Internal Server Error' for url 'http://localhost:8001/answer'
For more information check: https://developer.mozilla.org/en-US/docs/Web/HTTP/Status/500
2026-09-16 15:14:05,933 [ERROR][run_progress.py::notify_error(47)] [Benchmarking] Failed to generate prediction for prompt_info [conn_id: langgraph-agent-local, rec_id: mmlu, ds_id: mmlu-all, pt_id: mmlu, prompt_index: 6481] due to error: Server error '500 Internal Server Error' for url 'http://localhost:8001/answer'
For more information check: https://developer.mozilla.org/en-US/docs/Web/HTTP/Status/500
2026-09-16 15:14:06,051 [ERROR][connector.py::perform_retry_callback(45)] [Connector ID: langgraph-agent-local] Attempt 1 failed due to error: Server error '500 Internal Server Error' for url 'http://localhost:8001/answer'
For more information check: https://developer.mozilla.org/en-US/docs/Web/HTTP/Status/500
2026-09-16 15:14:07,184 [ERROR][connector.py::perform_retry_callback(45)] [Connector ID: langgraph-agent-local] Attempt 2 failed due to error: Server error '500 Internal Server Error' for url 'http://localhost:8001/answer'
For more information check: https://developer.mozilla.org/en-US/docs/Web/HTTP/Status/500
2026-09-16 15:14:08,488 [ERROR][connector.py::perform_retry_callback(45)] [Connector ID: langgraph-agent-local] Attempt 3 failed due to error: Server error '500 Internal Server Error' for url 'http://localhost:8001/answer'
For more information check: https://developer.mozilla.org/en-US/docs/Web/HTTP/Status/500
2026-09-16 15:14:08,488 [ERROR][connector.py::get_prediction(384)] [Connector ID: langgraph-agent-local] Prompt Index 6515 failed to get prediction: Server error '500 Internal Server Error' for url 'http://localhost:8001/answer'
For more information check: https://developer.mozilla.org/en-US/docs/Web/HTTP/Status/500
2026-09-16 15:14:08,488 [ERROR][run_progress.py::notify_error(47)] [Benchmarking] Failed to generate prediction for prompt_info [conn_id: langgraph-agent-local, rec_id: mmlu, ds_id: mmlu-all, pt_id: mmlu, prompt_index: 6515] due to error: Server error '500 Internal Server Error' for url 'http://localhost:8001/answer'
For more information check: https://developer.mozilla.org/en-US/docs/Web/HTTP/Status/500
2026-09-16 15:14:08,597 [ERROR][connector.py::perform_retry_callback(45)] [Connector ID: langgraph-agent-local] Attempt 1 failed due to error: Server error '500 Internal Server Error' for url 'http://localhost:8001/answer'
For more information check: https://developer.mozilla.org/en-US/docs/Web/HTTP/Status/500
2026-09-16 15:14:09,715 [ERROR][connector.py::perform_retry_callback(45)] [Connector ID: langgraph-agent-local] Attempt 2 failed due to error: Server error '500 Internal Server Error' for url 'http://localhost:8001/answer'
For more information check: https://developer.mozilla.org/en-US/docs/Web/HTTP/Status/500
2026-09-16 15:14:11,368 [ERROR][connector.py::perform_retry_callback(45)] [Connector ID: langgraph-agent-local] Attempt 3 failed due to error: Server error '500 Internal Server Error' for url 'http://localhost:8001/answer'
For more information check: https://developer.mozilla.org/en-US/docs/Web/HTTP/Status/500
2026-09-16 15:14:11,368 [ERROR][connector.py::get_prediction(384)] [Connector ID: langgraph-agent-local] Prompt Index 6522 failed to get prediction: Server error '500 Internal Server Error' for url 'http://localhost:8001/answer'
For more information check: https://developer.mozilla.org/en-US/docs/Web/HTTP/Status/500
2026-09-16 15:14:11,368 [ERROR][run_progress.py::notify_error(47)] [Benchmarking] Failed to generate prediction for prompt_info [conn_id: langgraph-agent-local, rec_id: mmlu, ds_id: mmlu-all, pt_id: mmlu, prompt_index: 6522] due to error: Server error '500 Internal Server Error' for url 'http://localhost:8001/answer'
For more information check: https://developer.mozilla.org/en-US/docs/Web/HTTP/Status/500
2026-09-16 15:14:11,534 [ERROR][connector.py::perform_retry_callback(45)] [Connector ID: langgraph-agent-local] Attempt 1 failed due to error: Server error '500 Internal Server Error' for url 'http://localhost:8001/answer'
For more information check: https://developer.mozilla.org/en-US/docs/Web/HTTP/Status/500
2026-09-16 15:14:12,656 [ERROR][connector.py::perform_retry_callback(45)] [Connector ID: langgraph-agent-local] Attempt 2 failed due to error: Server error '500 Internal Server Error' for url 'http://localhost:8001/answer'
For more information check: https://developer.mozilla.org/en-US/docs/Web/HTTP/Status/500
2026-09-16 15:14:14,516 [ERROR][connector.py::perform_retry_callback(45)] [Connector ID: langgraph-agent-local] Attempt 3 failed due to error: Server error '500 Internal Server Error' for url 'http://localhost:8001/answer'
For more information check: https://developer.mozilla.org/en-US/docs/Web/HTTP/Status/500
2026-09-16 15:14:14,516 [ERROR][connector.py::get_prediction(384)] [Connector ID: langgraph-agent-local] Prompt Index 6728 failed to get prediction: Server error '500 Internal Server Error' for url 'http://localhost:8001/answer'
For more information check: https://developer.mozilla.org/en-US/docs/Web/HTTP/Status/500
2026-09-16 15:14:14,517 [ERROR][run_progress.py::notify_error(47)] [Benchmarking] Failed to generate prediction for prompt_info [conn_id: langgraph-agent-local, rec_id: mmlu, ds_id: mmlu-all, pt_id: mmlu, prompt_index: 6728] due to error: Server error '500 Internal Server Error' for url 'http://localhost:8001/answer'
For more information check: https://developer.mozilla.org/en-US/docs/Web/HTTP/Status/500
2026-09-16 15:14:14,656 [ERROR][connector.py::perform_retry_callback(45)] [Connector ID: langgraph-agent-local] Attempt 1 failed due to error: Server error '500 Internal Server Error' for url 'http://localhost:8001/answer'
For more information check: https://developer.mozilla.org/en-US/docs/Web/HTTP/Status/500
2026-09-16 15:14:15,812 [ERROR][connector.py::perform_retry_callback(45)] [Connector ID: langgraph-agent-local] Attempt 2 failed due to error: Server error '500 Internal Server Error' for url 'http://localhost:8001/answer'
For more information check: https://developer.mozilla.org/en-US/docs/Web/HTTP/Status/500
2026-09-16 15:14:17,438 [ERROR][connector.py::perform_retry_callback(45)] [Connector ID: langgraph-agent-local] Attempt 3 failed due to error: Server error '500 Internal Server Error' for url 'http://localhost:8001/answer'
For more information check: https://developer.mozilla.org/en-US/docs/Web/HTTP/Status/500
2026-09-16 15:14:17,438 [ERROR][connector.py::get_prediction(384)] [Connector ID: langgraph-agent-local] Prompt Index 7069 failed to get prediction: Server error '500 Internal Server Error' for url 'http://localhost:8001/answer'
For more information check: https://developer.mozilla.org/en-US/docs/Web/HTTP/Status/500
2026-09-16 15:14:17,439 [ERROR][run_progress.py::notify_error(47)] [Benchmarking] Failed to generate prediction for prompt_info [conn_id: langgraph-agent-local, rec_id: mmlu, ds_id: mmlu-all, pt_id: mmlu, prompt_index: 7069] due to error: Server error '500 Internal Server Error' for url 'http://localhost:8001/answer'
For more information check: https://developer.mozilla.org/en-US/docs/Web/HTTP/Status/500
2026-09-16 15:14:17,554 [ERROR][connector.py::perform_retry_callback(45)] [Connector ID: langgraph-agent-local] Attempt 1 failed due to error: Server error '500 Internal Server Error' for url 'http://localhost:8001/answer'
For more information check: https://developer.mozilla.org/en-US/docs/Web/HTTP/Status/500
2026-09-16 15:14:18,667 [ERROR][connector.py::perform_retry_callback(45)] [Connector ID: langgraph-agent-local] Attempt 2 failed due to error: Server error '500 Internal Server Error' for url 'http://localhost:8001/answer'
For more information check: https://developer.mozilla.org/en-US/docs/Web/HTTP/Status/500
2026-09-16 15:14:19,934 [ERROR][connector.py::perform_retry_callback(45)] [Connector ID: langgraph-agent-local] Attempt 3 failed due to error: Server error '500 Internal Server Error' for url 'http://localhost:8001/answer'
For more information check: https://developer.mozilla.org/en-US/docs/Web/HTTP/Status/500
2026-09-16 15:14:19,934 [ERROR][connector.py::get_prediction(384)] [Connector ID: langgraph-agent-local] Prompt Index 7244 failed to get prediction: Server error '500 Internal Server Error' for url 'http://localhost:8001/answer'
For more information check: https://developer.mozilla.org/en-US/docs/Web/HTTP/Status/500
2026-09-16 15:14:19,934 [ERROR][run_progress.py::notify_error(47)] [Benchmarking] Failed to generate prediction for prompt_info [conn_id: langgraph-agent-local, rec_id: mmlu, ds_id: mmlu-all, pt_id: mmlu, prompt_index: 7244] due to error: Server error '500 Internal Server Error' for url 'http://localhost:8001/answer'
For more information check: https://developer.mozilla.org/en-US/docs/Web/HTTP/Status/500
2026-09-16 15:14:20,215 [ERROR][connector.py::perform_retry_callback(45)] [Connector ID: langgraph-agent-local] Attempt 1 failed due to error: Server error '500 Internal Server Error' for url 'http://localhost:8001/answer'
For more information check: https://developer.mozilla.org/en-US/docs/Web/HTTP/Status/500
2026-09-16 15:14:21,345 [ERROR][connector.py::perform_retry_callback(45)] [Connector ID: langgraph-agent-local] Attempt 2 failed due to error: Server error '500 Internal Server Error' for url 'http://localhost:8001/answer'
For more information check: https://developer.mozilla.org/en-US/docs/Web/HTTP/Status/500
2026-09-16 15:14:22,973 [ERROR][connector.py::perform_retry_callback(45)] [Connector ID: langgraph-agent-local] Attempt 3 failed due to error: Server error '500 Internal Server Error' for url 'http://localhost:8001/answer'
For more information check: https://developer.mozilla.org/en-US/docs/Web/HTTP/Status/500
2026-09-16 15:14:22,974 [ERROR][connector.py::get_prediction(384)] [Connector ID: langgraph-agent-local] Prompt Index 7278 failed to get prediction: Server error '500 Internal Server Error' for url 'http://localhost:8001/answer'
For more information check: https://developer.mozilla.org/en-US/docs/Web/HTTP/Status/500
2026-09-16 15:14:22,974 [ERROR][run_progress.py::notify_error(47)] [Benchmarking] Failed to generate prediction for prompt_info [conn_id: langgraph-agent-local, rec_id: mmlu, ds_id: mmlu-all, pt_id: mmlu, prompt_index: 7278] due to error: Server error '500 Internal Server Error' for url 'http://localhost:8001/answer'
For more information check: https://developer.mozilla.org/en-US/docs/Web/HTTP/Status/500
2026-09-16 15:14:23,185 [ERROR][connector.py::perform_retry_callback(45)] [Connector ID: langgraph-agent-local] Attempt 1 failed due to error: Server error '500 Internal Server Error' for url 'http://localhost:8001/answer'
For more information check: https://developer.mozilla.org/en-US/docs/Web/HTTP/Status/500
2026-09-16 15:14:24,323 [ERROR][connector.py::perform_retry_callback(45)] [Connector ID: langgraph-agent-local] Attempt 2 failed due to error: Server error '500 Internal Server Error' for url 'http://localhost:8001/answer'
For more information check: https://developer.mozilla.org/en-US/docs/Web/HTTP/Status/500
2026-09-16 15:14:25,739 [ERROR][connector.py::perform_retry_callback(45)] [Connector ID: langgraph-agent-local] Attempt 3 failed due to error: Server error '500 Internal Server Error' for url 'http://localhost:8001/answer'
For more information check: https://developer.mozilla.org/en-US/docs/Web/HTTP/Status/500
2026-09-16 15:14:25,740 [ERROR][connector.py::get_prediction(384)] [Connector ID: langgraph-agent-local] Prompt Index 7541 failed to get prediction: Server error '500 Internal Server Error' for url 'http://localhost:8001/answer'
For more information check: https://developer.mozilla.org/en-US/docs/Web/HTTP/Status/500
2026-09-16 15:14:25,740 [ERROR][run_progress.py::notify_error(47)] [Benchmarking] Failed to generate prediction for prompt_info [conn_id: langgraph-agent-local, rec_id: mmlu, ds_id: mmlu-all, pt_id: mmlu, prompt_index: 7541] due to error: Server error '500 Internal Server Error' for url 'http://localhost:8001/answer'
For more information check: https://developer.mozilla.org/en-US/docs/Web/HTTP/Status/500
2026-09-16 15:14:25,903 [ERROR][connector.py::perform_retry_callback(45)] [Connector ID: langgraph-agent-local] Attempt 1 failed due to error: Server error '500 Internal Server Error' for url 'http://localhost:8001/answer'
For more information check: https://developer.mozilla.org/en-US/docs/Web/HTTP/Status/500
2026-09-16 15:14:27,014 [ERROR][connector.py::perform_retry_callback(45)] [Connector ID: langgraph-agent-local] Attempt 2 failed due to error: Server error '500 Internal Server Error' for url 'http://localhost:8001/answer'
For more information check: https://developer.mozilla.org/en-US/docs/Web/HTTP/Status/500
2026-09-16 15:14:28,767 [ERROR][connector.py::perform_retry_callback(45)] [Connector ID: langgraph-agent-local] Attempt 3 failed due to error: Server error '500 Internal Server Error' for url 'http://localhost:8001/answer'
For more information check: https://developer.mozilla.org/en-US/docs/Web/HTTP/Status/500
2026-09-16 15:14:28,768 [ERROR][connector.py::get_prediction(384)] [Connector ID: langgraph-agent-local] Prompt Index 7743 failed to get prediction: Server error '500 Internal Server Error' for url 'http://localhost:8001/answer'
For more information check: https://developer.mozilla.org/en-US/docs/Web/HTTP/Status/500
2026-09-16 15:14:28,768 [ERROR][run_progress.py::notify_error(47)] [Benchmarking] Failed to generate prediction for prompt_info [conn_id: langgraph-agent-local, rec_id: mmlu, ds_id: mmlu-all, pt_id: mmlu, prompt_index: 7743] due to error: Server error '500 Internal Server Error' for url 'http://localhost:8001/answer'
For more information check: https://developer.mozilla.org/en-US/docs/Web/HTTP/Status/500
2026-09-16 15:14:28,871 [ERROR][connector.py::perform_retry_callback(45)] [Connector ID: langgraph-agent-local] Attempt 1 failed due to error: Server error '500 Internal Server Error' for url 'http://localhost:8001/answer'
For more information check: https://developer.mozilla.org/en-US/docs/Web/HTTP/Status/500
2026-09-16 15:14:29,984 [ERROR][connector.py::perform_retry_callback(45)] [Connector ID: langgraph-agent-local] Attempt 2 failed due to error: Server error '500 Internal Server Error' for url 'http://localhost:8001/answer'
For more information check: https://developer.mozilla.org/en-US/docs/Web/HTTP/Status/500
2026-09-16 15:14:31,463 [ERROR][connector.py::perform_retry_callback(45)] [Connector ID: langgraph-agent-local] Attempt 3 failed due to error: Server error '500 Internal Server Error' for url 'http://localhost:8001/answer'
For more information check: https://developer.mozilla.org/en-US/docs/Web/HTTP/Status/500
2026-09-16 15:14:31,463 [ERROR][connector.py::get_prediction(384)] [Connector ID: langgraph-agent-local] Prompt Index 7791 failed to get prediction: Server error '500 Internal Server Error' for url 'http://localhost:8001/answer'
For more information check: https://developer.mozilla.org/en-US/docs/Web/HTTP/Status/500
2026-09-16 15:14:31,463 [ERROR][run_progress.py::notify_error(47)] [Benchmarking] Failed to generate prediction for prompt_info [conn_id: langgraph-agent-local, rec_id: mmlu, ds_id: mmlu-all, pt_id: mmlu, prompt_index: 7791] due to error: Server error '500 Internal Server Error' for url 'http://localhost:8001/answer'
For more information check: https://developer.mozilla.org/en-US/docs/Web/HTTP/Status/500
2026-09-16 15:14:31,465 [INFO][connector.py::get_prediction(356)] [Connector ID: langgraph-agent-local] Predicting Prompt Index 7897.
2026-09-16 15:14:31,471 [INFO][connector.py::get_prediction(356)] [Connector ID: langgraph-agent-local] Predicting Prompt Index 7904.
2026-09-16 15:14:31,471 [INFO][connector.py::get_prediction(356)] [Connector ID: langgraph-agent-local] Predicting Prompt Index 7965.
2026-09-16 15:14:31,471 [INFO][connector.py::get_prediction(356)] [Connector ID: langgraph-agent-local] Predicting Prompt Index 7966.
2026-09-16 15:14:31,471 [INFO][connector.py::get_prediction(356)] [Connector ID: langgraph-agent-local] Predicting Prompt Index 8145.
2026-09-16 15:14:31,471 [INFO][connector.py::get_prediction(356)] [Connector ID: langgraph-agent-local] Predicting Prompt Index 8503.
2026-09-16 15:14:31,471 [INFO][connector.py::get_prediction(356)] [Connector ID: langgraph-agent-local] Predicting Prompt Index 8680.
2026-09-16 15:14:31,471 [INFO][connector.py::get_prediction(356)] [Connector ID: langgraph-agent-local] Predicting Prompt Index 8743.
2026-09-16 15:14:31,471 [INFO][connector.py::get_prediction(356)] [Connector ID: langgraph-agent-local] Predicting Prompt Index 8809.
2026-09-16 15:14:31,471 [INFO][connector.py::get_prediction(356)] [Connector ID: langgraph-agent-local] Predicting Prompt Index 8815.
2026-09-16 15:14:31,574 [ERROR][connector.py::perform_retry_callback(45)] [Connector ID: langgraph-agent-local] Attempt 1 failed due to error: Server error '500 Internal Server Error' for url 'http://localhost:8001/answer'
For more information check: https://developer.mozilla.org/en-US/docs/Web/HTTP/Status/500
2026-09-16 15:14:32,684 [ERROR][connector.py::perform_retry_callback(45)] [Connector ID: langgraph-agent-local] Attempt 2 failed due to error: Server error '500 Internal Server Error' for url 'http://localhost:8001/answer'
For more information check: https://developer.mozilla.org/en-US/docs/Web/HTTP/Status/500
2026-09-16 15:14:34,105 [ERROR][connector.py::perform_retry_callback(45)] [Connector ID: langgraph-agent-local] Attempt 3 failed due to error: Server error '500 Internal Server Error' for url 'http://localhost:8001/answer'
For more information check: https://developer.mozilla.org/en-US/docs/Web/HTTP/Status/500
2026-09-16 15:14:34,105 [ERROR][connector.py::get_prediction(384)] [Connector ID: langgraph-agent-local] Prompt Index 7897 failed to get prediction: Server error '500 Internal Server Error' for url 'http://localhost:8001/answer'
For more information check: https://developer.mozilla.org/en-US/docs/Web/HTTP/Status/500
2026-09-16 15:14:34,106 [ERROR][run_progress.py::notify_error(47)] [Benchmarking] Failed to generate prediction for prompt_info [conn_id: langgraph-agent-local, rec_id: mmlu, ds_id: mmlu-all, pt_id: mmlu, prompt_index: 7897] due to error: Server error '500 Internal Server Error' for url 'http://localhost:8001/answer'
For more information check: https://developer.mozilla.org/en-US/docs/Web/HTTP/Status/500
2026-09-16 15:14:34,281 [ERROR][connector.py::perform_retry_callback(45)] [Connector ID: langgraph-agent-local] Attempt 1 failed due to error: Server error '500 Internal Server Error' for url 'http://localhost:8001/answer'
For more information check: https://developer.mozilla.org/en-US/docs/Web/HTTP/Status/500
2026-09-16 15:14:35,456 [ERROR][connector.py::perform_retry_callback(45)] [Connector ID: langgraph-agent-local] Attempt 2 failed due to error: Server error '500 Internal Server Error' for url 'http://localhost:8001/answer'
For more information check: https://developer.mozilla.org/en-US/docs/Web/HTTP/Status/500
2026-09-16 15:14:36,653 [ERROR][connector.py::perform_retry_callback(45)] [Connector ID: langgraph-agent-local] Attempt 3 failed due to error: Server error '500 Internal Server Error' for url 'http://localhost:8001/answer'
For more information check: https://developer.mozilla.org/en-US/docs/Web/HTTP/Status/500
2026-09-16 15:14:36,653 [ERROR][connector.py::get_prediction(384)] [Connector ID: langgraph-agent-local] Prompt Index 7904 failed to get prediction: Server error '500 Internal Server Error' for url 'http://localhost:8001/answer'
For more information check: https://developer.mozilla.org/en-US/docs/Web/HTTP/Status/500
2026-09-16 15:14:36,653 [ERROR][run_progress.py::notify_error(47)] [Benchmarking] Failed to generate prediction for prompt_info [conn_id: langgraph-agent-local, rec_id: mmlu, ds_id: mmlu-all, pt_id: mmlu, prompt_index: 7904] due to error: Server error '500 Internal Server Error' for url 'http://localhost:8001/answer'
For more information check: https://developer.mozilla.org/en-US/docs/Web/HTTP/Status/500
2026-09-16 15:14:36,757 [ERROR][connector.py::perform_retry_callback(45)] [Connector ID: langgraph-agent-local] Attempt 1 failed due to error: Server error '500 Internal Server Error' for url 'http://localhost:8001/answer'
For more information check: https://developer.mozilla.org/en-US/docs/Web/HTTP/Status/500
2026-09-16 15:14:37,913 [ERROR][connector.py::perform_retry_callback(45)] [Connector ID: langgraph-agent-local] Attempt 2 failed due to error: Server error '500 Internal Server Error' for url 'http://localhost:8001/answer'
For more information check: https://developer.mozilla.org/en-US/docs/Web/HTTP/Status/500
2026-09-16 15:14:40,094 [ERROR][connector.py::perform_retry_callback(45)] [Connector ID: langgraph-agent-local] Attempt 3 failed due to error: Server error '500 Internal Server Error' for url 'http://localhost:8001/answer'
For more information check: https://developer.mozilla.org/en-US/docs/Web/HTTP/Status/500
2026-09-16 15:14:40,095 [ERROR][connector.py::get_prediction(384)] [Connector ID: langgraph-agent-local] Prompt Index 7965 failed to get prediction: Server error '500 Internal Server Error' for url 'http://localhost:8001/answer'
For more information check: https://developer.mozilla.org/en-US/docs/Web/HTTP/Status/500
2026-09-16 15:14:40,095 [ERROR][run_progress.py::notify_error(47)] [Benchmarking] Failed to generate prediction for prompt_info [conn_id: langgraph-agent-local, rec_id: mmlu, ds_id: mmlu-all, pt_id: mmlu, prompt_index: 7965] due to error: Server error '500 Internal Server Error' for url 'http://localhost:8001/answer'
For more information check: https://developer.mozilla.org/en-US/docs/Web/HTTP/Status/500
2026-09-16 15:14:40,275 [ERROR][connector.py::perform_retry_callback(45)] [Connector ID: langgraph-agent-local] Attempt 1 failed due to error: Server error '500 Internal Server Error' for url 'http://localhost:8001/answer'
For more information check: https://developer.mozilla.org/en-US/docs/Web/HTTP/Status/500
2026-09-16 15:14:41,384 [ERROR][connector.py::perform_retry_callback(45)] [Connector ID: langgraph-agent-local] Attempt 2 failed due to error: Server error '500 Internal Server Error' for url 'http://localhost:8001/answer'
For more information check: https://developer.mozilla.org/en-US/docs/Web/HTTP/Status/500
2026-09-16 15:14:43,177 [ERROR][connector.py::perform_retry_callback(45)] [Connector ID: langgraph-agent-local] Attempt 3 failed due to error: Server error '500 Internal Server Error' for url 'http://localhost:8001/answer'
For more information check: https://developer.mozilla.org/en-US/docs/Web/HTTP/Status/500
2026-09-16 15:14:43,177 [ERROR][connector.py::get_prediction(384)] [Connector ID: langgraph-agent-local] Prompt Index 7966 failed to get prediction: Server error '500 Internal Server Error' for url 'http://localhost:8001/answer'
For more information check: https://developer.mozilla.org/en-US/docs/Web/HTTP/Status/500
2026-09-16 15:14:43,177 [ERROR][run_progress.py::notify_error(47)] [Benchmarking] Failed to generate prediction for prompt_info [conn_id: langgraph-agent-local, rec_id: mmlu, ds_id: mmlu-all, pt_id: mmlu, prompt_index: 7966] due to error: Server error '500 Internal Server Error' for url 'http://localhost:8001/answer'
For more information check: https://developer.mozilla.org/en-US/docs/Web/HTTP/Status/500
2026-09-16 15:14:43,289 [ERROR][connector.py::perform_retry_callback(45)] [Connector ID: langgraph-agent-local] Attempt 1 failed due to error: Server error '500 Internal Server Error' for url 'http://localhost:8001/answer'
For more information check: https://developer.mozilla.org/en-US/docs/Web/HTTP/Status/500
2026-09-16 15:14:44,423 [ERROR][connector.py::perform_retry_callback(45)] [Connector ID: langgraph-agent-local] Attempt 2 failed due to error: Server error '500 Internal Server Error' for url 'http://localhost:8001/answer'
For more information check: https://developer.mozilla.org/en-US/docs/Web/HTTP/Status/500
2026-09-16 15:14:45,851 [ERROR][connector.py::perform_retry_callback(45)] [Connector ID: langgraph-agent-local] Attempt 3 failed due to error: Server error '500 Internal Server Error' for url 'http://localhost:8001/answer'
For more information check: https://developer.mozilla.org/en-US/docs/Web/HTTP/Status/500
2026-09-16 15:14:45,851 [ERROR][connector.py::get_prediction(384)] [Connector ID: langgraph-agent-local] Prompt Index 8145 failed to get prediction: Server error '500 Internal Server Error' for url 'http://localhost:8001/answer'
For more information check: https://developer.mozilla.org/en-US/docs/Web/HTTP/Status/500
2026-09-16 15:14:45,851 [ERROR][run_progress.py::notify_error(47)] [Benchmarking] Failed to generate prediction for prompt_info [conn_id: langgraph-agent-local, rec_id: mmlu, ds_id: mmlu-all, pt_id: mmlu, prompt_index: 8145] due to error: Server error '500 Internal Server Error' for url 'http://localhost:8001/answer'
For more information check: https://developer.mozilla.org/en-US/docs/Web/HTTP/Status/500
2026-09-16 15:14:45,988 [ERROR][connector.py::perform_retry_callback(45)] [Connector ID: langgraph-agent-local] Attempt 1 failed due to error: Server error '500 Internal Server Error' for url 'http://localhost:8001/answer'
For more information check: https://developer.mozilla.org/en-US/docs/Web/HTTP/Status/500
2026-09-16 15:14:47,092 [ERROR][connector.py::perform_retry_callback(45)] [Connector ID: langgraph-agent-local] Attempt 2 failed due to error: Server error '500 Internal Server Error' for url 'http://localhost:8001/answer'
For more information check: https://developer.mozilla.org/en-US/docs/Web/HTTP/Status/500
2026-09-16 15:14:48,844 [ERROR][connector.py::perform_retry_callback(45)] [Connector ID: langgraph-agent-local] Attempt 3 failed due to error: Server error '500 Internal Server Error' for url 'http://localhost:8001/answer'
For more information check: https://developer.mozilla.org/en-US/docs/Web/HTTP/Status/500
2026-09-16 15:14:48,844 [ERROR][connector.py::get_prediction(384)] [Connector ID: langgraph-agent-local] Prompt Index 8503 failed to get prediction: Server error '500 Internal Server Error' for url 'http://localhost:8001/answer'
For more information check: https://developer.mozilla.org/en-US/docs/Web/HTTP/Status/500
2026-09-16 15:14:48,844 [ERROR][run_progress.py::notify_error(47)] [Benchmarking] Failed to generate prediction for prompt_info [conn_id: langgraph-agent-local, rec_id: mmlu, ds_id: mmlu-all, pt_id: mmlu, prompt_index: 8503] due to error: Server error '500 Internal Server Error' for url 'http://localhost:8001/answer'
For more information check: https://developer.mozilla.org/en-US/docs/Web/HTTP/Status/500
2026-09-16 15:14:48,963 [ERROR][connector.py::perform_retry_callback(45)] [Connector ID: langgraph-agent-local] Attempt 1 failed due to error: Server error '500 Internal Server Error' for url 'http://localhost:8001/answer'
For more information check: https://developer.mozilla.org/en-US/docs/Web/HTTP/Status/500
2026-09-16 15:14:50,097 [ERROR][connector.py::perform_retry_callback(45)] [Connector ID: langgraph-agent-local] Attempt 2 failed due to error: Server error '500 Internal Server Error' for url 'http://localhost:8001/answer'
For more information check: https://developer.mozilla.org/en-US/docs/Web/HTTP/Status/500
2026-09-16 15:14:51,246 [ERROR][connector.py::perform_retry_callback(45)] [Connector ID: langgraph-agent-local] Attempt 3 failed due to error: Server error '500 Internal Server Error' for url 'http://localhost:8001/answer'
For more information check: https://developer.mozilla.org/en-US/docs/Web/HTTP/Status/500
2026-09-16 15:14:51,247 [ERROR][connector.py::get_prediction(384)] [Connector ID: langgraph-agent-local] Prompt Index 8680 failed to get prediction: Server error '500 Internal Server Error' for url 'http://localhost:8001/answer'
For more information check: https://developer.mozilla.org/en-US/docs/Web/HTTP/Status/500
2026-09-16 15:14:51,247 [ERROR][run_progress.py::notify_error(47)] [Benchmarking] Failed to generate prediction for prompt_info [conn_id: langgraph-agent-local, rec_id: mmlu, ds_id: mmlu-all, pt_id: mmlu, prompt_index: 8680] due to error: Server error '500 Internal Server Error' for url 'http://localhost:8001/answer'
For more information check: https://developer.mozilla.org/en-US/docs/Web/HTTP/Status/500
2026-09-16 15:14:51,355 [ERROR][connector.py::perform_retry_callback(45)] [Connector ID: langgraph-agent-local] Attempt 1 failed due to error: Server error '500 Internal Server Error' for url 'http://localhost:8001/answer'
For more information check: https://developer.mozilla.org/en-US/docs/Web/HTTP/Status/500
2026-09-16 15:14:52,507 [ERROR][connector.py::perform_retry_callback(45)] [Connector ID: langgraph-agent-local] Attempt 2 failed due to error: Server error '500 Internal Server Error' for url 'http://localhost:8001/answer'
For more information check: https://developer.mozilla.org/en-US/docs/Web/HTTP/Status/500
2026-09-16 15:14:53,714 [ERROR][connector.py::perform_retry_callback(45)] [Connector ID: langgraph-agent-local] Attempt 3 failed due to error: Server error '500 Internal Server Error' for url 'http://localhost:8001/answer'
For more information check: https://developer.mozilla.org/en-US/docs/Web/HTTP/Status/500
2026-09-16 15:14:53,714 [ERROR][connector.py::get_prediction(384)] [Connector ID: langgraph-agent-local] Prompt Index 8743 failed to get prediction: Server error '500 Internal Server Error' for url 'http://localhost:8001/answer'
For more information check: https://developer.mozilla.org/en-US/docs/Web/HTTP/Status/500
2026-09-16 15:14:53,714 [ERROR][run_progress.py::notify_error(47)] [Benchmarking] Failed to generate prediction for prompt_info [conn_id: langgraph-agent-local, rec_id: mmlu, ds_id: mmlu-all, pt_id: mmlu, prompt_index: 8743] due to error: Server error '500 Internal Server Error' for url 'http://localhost:8001/answer'
For more information check: https://developer.mozilla.org/en-US/docs/Web/HTTP/Status/500
2026-09-16 15:14:53,849 [ERROR][connector.py::perform_retry_callback(45)] [Connector ID: langgraph-agent-local] Attempt 1 failed due to error: Server error '500 Internal Server Error' for url 'http://localhost:8001/answer'
For more information check: https://developer.mozilla.org/en-US/docs/Web/HTTP/Status/500
2026-09-16 15:14:54,944 [ERROR][connector.py::perform_retry_callback(45)] [Connector ID: langgraph-agent-local] Attempt 2 failed due to error: Server error '500 Internal Server Error' for url 'http://localhost:8001/answer'
For more information check: https://developer.mozilla.org/en-US/docs/Web/HTTP/Status/500
2026-09-16 15:14:56,788 [ERROR][connector.py::perform_retry_callback(45)] [Connector ID: langgraph-agent-local] Attempt 3 failed due to error: Server error '500 Internal Server Error' for url 'http://localhost:8001/answer'
For more information check: https://developer.mozilla.org/en-US/docs/Web/HTTP/Status/500
2026-09-16 15:14:56,788 [ERROR][connector.py::get_prediction(384)] [Connector ID: langgraph-agent-local] Prompt Index 8809 failed to get prediction: Server error '500 Internal Server Error' for url 'http://localhost:8001/answer'
For more information check: https://developer.mozilla.org/en-US/docs/Web/HTTP/Status/500
2026-09-16 15:14:56,788 [ERROR][run_progress.py::notify_error(47)] [Benchmarking] Failed to generate prediction for prompt_info [conn_id: langgraph-agent-local, rec_id: mmlu, ds_id: mmlu-all, pt_id: mmlu, prompt_index: 8809] due to error: Server error '500 Internal Server Error' for url 'http://localhost:8001/answer'
For more information check: https://developer.mozilla.org/en-US/docs/Web/HTTP/Status/500
2026-09-16 15:14:56,952 [ERROR][connector.py::perform_retry_callback(45)] [Connector ID: langgraph-agent-local] Attempt 1 failed due to error: Server error '500 Internal Server Error' for url 'http://localhost:8001/answer'
For more information check: https://developer.mozilla.org/en-US/docs/Web/HTTP/Status/500
2026-09-16 15:14:58,110 [ERROR][connector.py::perform_retry_callback(45)] [Connector ID: langgraph-agent-local] Attempt 2 failed due to error: Server error '500 Internal Server Error' for url 'http://localhost:8001/answer'
For more information check: https://developer.mozilla.org/en-US/docs/Web/HTTP/Status/500
2026-09-16 15:14:59,745 [ERROR][connector.py::perform_retry_callback(45)] [Connector ID: langgraph-agent-local] Attempt 3 failed due to error: Server error '500 Internal Server Error' for url 'http://localhost:8001/answer'
For more information check: https://developer.mozilla.org/en-US/docs/Web/HTTP/Status/500
2026-09-16 15:14:59,745 [ERROR][connector.py::get_prediction(384)] [Connector ID: langgraph-agent-local] Prompt Index 8815 failed to get prediction: Server error '500 Internal Server Error' for url 'http://localhost:8001/answer'
For more information check: https://developer.mozilla.org/en-US/docs/Web/HTTP/Status/500
2026-09-16 15:14:59,745 [ERROR][run_progress.py::notify_error(47)] [Benchmarking] Failed to generate prediction for prompt_info [conn_id: langgraph-agent-local, rec_id: mmlu, ds_id: mmlu-all, pt_id: mmlu, prompt_index: 8815] due to error: Server error '500 Internal Server Error' for url 'http://localhost:8001/answer'
For more information check: https://developer.mozilla.org/en-US/docs/Web/HTTP/Status/500
2026-09-16 15:14:59,750 [INFO][connector.py::get_prediction(356)] [Connector ID: langgraph-agent-local] Predicting Prompt Index 9122.
2026-09-16 15:14:59,758 [INFO][connector.py::get_prediction(356)] [Connector ID: langgraph-agent-local] Predicting Prompt Index 9174.
2026-09-16 15:14:59,759 [INFO][connector.py::get_prediction(356)] [Connector ID: langgraph-agent-local] Predicting Prompt Index 9187.
2026-09-16 15:14:59,759 [INFO][connector.py::get_prediction(356)] [Connector ID: langgraph-agent-local] Predicting Prompt Index 9461.
2026-09-16 15:14:59,759 [INFO][connector.py::get_prediction(356)] [Connector ID: langgraph-agent-local] Predicting Prompt Index 9836.
2026-09-16 15:14:59,759 [INFO][connector.py::get_prediction(356)] [Connector ID: langgraph-agent-local] Predicting Prompt Index 9898.
2026-09-16 15:14:59,759 [INFO][connector.py::get_prediction(356)] [Connector ID: langgraph-agent-local] Predicting Prompt Index 9942.
2026-09-16 15:14:59,759 [INFO][connector.py::get_prediction(356)] [Connector ID: langgraph-agent-local] Predicting Prompt Index 10135.
2026-09-16 15:14:59,759 [INFO][connector.py::get_prediction(356)] [Connector ID: langgraph-agent-local] Predicting Prompt Index 10581.
2026-09-16 15:14:59,759 [INFO][connector.py::get_prediction(356)] [Connector ID: langgraph-agent-local] Predicting Prompt Index 10628.
2026-09-16 15:14:59,937 [ERROR][connector.py::perform_retry_callback(45)] [Connector ID: langgraph-agent-local] Attempt 1 failed due to error: Server error '500 Internal Server Error' for url 'http://localhost:8001/answer'
For more information check: https://developer.mozilla.org/en-US/docs/Web/HTTP/Status/500
2026-09-16 15:15:01,111 [ERROR][connector.py::perform_retry_callback(45)] [Connector ID: langgraph-agent-local] Attempt 2 failed due to error: Server error '500 Internal Server Error' for url 'http://localhost:8001/answer'
For more information check: https://developer.mozilla.org/en-US/docs/Web/HTTP/Status/500
2026-09-16 15:15:02,254 [ERROR][connector.py::perform_retry_callback(45)] [Connector ID: langgraph-agent-local] Attempt 3 failed due to error: Server error '500 Internal Server Error' for url 'http://localhost:8001/answer'
For more information check: https://developer.mozilla.org/en-US/docs/Web/HTTP/Status/500
2026-09-16 15:15:02,255 [ERROR][connector.py::get_prediction(384)] [Connector ID: langgraph-agent-local] Prompt Index 9122 failed to get prediction: Server error '500 Internal Server Error' for url 'http://localhost:8001/answer'
For more information check: https://developer.mozilla.org/en-US/docs/Web/HTTP/Status/500
2026-09-16 15:15:02,255 [ERROR][run_progress.py::notify_error(47)] [Benchmarking] Failed to generate prediction for prompt_info [conn_id: langgraph-agent-local, rec_id: mmlu, ds_id: mmlu-all, pt_id: mmlu, prompt_index: 9122] due to error: Server error '500 Internal Server Error' for url 'http://localhost:8001/answer'
For more information check: https://developer.mozilla.org/en-US/docs/Web/HTTP/Status/500
2026-09-16 15:15:02,379 [ERROR][connector.py::perform_retry_callback(45)] [Connector ID: langgraph-agent-local] Attempt 1 failed due to error: Server error '500 Internal Server Error' for url 'http://localhost:8001/answer'
For more information check: https://developer.mozilla.org/en-US/docs/Web/HTTP/Status/500
2026-09-16 15:15:03,493 [ERROR][connector.py::perform_retry_callback(45)] [Connector ID: langgraph-agent-local] Attempt 2 failed due to error: Server error '500 Internal Server Error' for url 'http://localhost:8001/answer'
For more information check: https://developer.mozilla.org/en-US/docs/Web/HTTP/Status/500
2026-09-16 15:15:05,581 [ERROR][connector.py::perform_retry_callback(45)] [Connector ID: langgraph-agent-local] Attempt 3 failed due to error: Server error '500 Internal Server Error' for url 'http://localhost:8001/answer'
For more information check: https://developer.mozilla.org/en-US/docs/Web/HTTP/Status/500
2026-09-16 15:15:05,581 [ERROR][connector.py::get_prediction(384)] [Connector ID: langgraph-agent-local] Prompt Index 9174 failed to get prediction: Server error '500 Internal Server Error' for url 'http://localhost:8001/answer'
For more information check: https://developer.mozilla.org/en-US/docs/Web/HTTP/Status/500
2026-09-16 15:15:05,581 [ERROR][run_progress.py::notify_error(47)] [Benchmarking] Failed to generate prediction for prompt_info [conn_id: langgraph-agent-local, rec_id: mmlu, ds_id: mmlu-all, pt_id: mmlu, prompt_index: 9174] due to error: Server error '500 Internal Server Error' for url 'http://localhost:8001/answer'
For more information check: https://developer.mozilla.org/en-US/docs/Web/HTTP/Status/500
2026-09-16 15:15:05,690 [ERROR][connector.py::perform_retry_callback(45)] [Connector ID: langgraph-agent-local] Attempt 1 failed due to error: Server error '500 Internal Server Error' for url 'http://localhost:8001/answer'
For more information check: https://developer.mozilla.org/en-US/docs/Web/HTTP/Status/500
2026-09-16 15:15:06,787 [ERROR][connector.py::perform_retry_callback(45)] [Connector ID: langgraph-agent-local] Attempt 2 failed due to error: Server error '500 Internal Server Error' for url 'http://localhost:8001/answer'
For more information check: https://developer.mozilla.org/en-US/docs/Web/HTTP/Status/500
2026-09-16 15:15:08,785 [ERROR][connector.py::perform_retry_callback(45)] [Connector ID: langgraph-agent-local] Attempt 3 failed due to error: Server error '500 Internal Server Error' for url 'http://localhost:8001/answer'
For more information check: https://developer.mozilla.org/en-US/docs/Web/HTTP/Status/500
2026-09-16 15:15:08,785 [ERROR][connector.py::get_prediction(384)] [Connector ID: langgraph-agent-local] Prompt Index 9187 failed to get prediction: Server error '500 Internal Server Error' for url 'http://localhost:8001/answer'
For more information check: https://developer.mozilla.org/en-US/docs/Web/HTTP/Status/500
2026-09-16 15:15:08,785 [ERROR][run_progress.py::notify_error(47)] [Benchmarking] Failed to generate prediction for prompt_info [conn_id: langgraph-agent-local, rec_id: mmlu, ds_id: mmlu-all, pt_id: mmlu, prompt_index: 9187] due to error: Server error '500 Internal Server Error' for url 'http://localhost:8001/answer'
For more information check: https://developer.mozilla.org/en-US/docs/Web/HTTP/Status/500
2026-09-16 15:15:08,899 [ERROR][connector.py::perform_retry_callback(45)] [Connector ID: langgraph-agent-local] Attempt 1 failed due to error: Server error '500 Internal Server Error' for url 'http://localhost:8001/answer'
For more information check: https://developer.mozilla.org/en-US/docs/Web/HTTP/Status/500
2026-09-16 15:15:11,052 [ERROR][connector.py::perform_retry_callback(45)] [Connector ID: langgraph-agent-local] Attempt 1 failed due to error: Server error '500 Internal Server Error' for url 'http://localhost:8001/answer'
For more information check: https://developer.mozilla.org/en-US/docs/Web/HTTP/Status/500
2026-09-16 15:15:12,168 [ERROR][connector.py::perform_retry_callback(45)] [Connector ID: langgraph-agent-local] Attempt 2 failed due to error: Server error '500 Internal Server Error' for url 'http://localhost:8001/answer'
For more information check: https://developer.mozilla.org/en-US/docs/Web/HTTP/Status/500
2026-09-16 15:15:14,286 [ERROR][connector.py::perform_retry_callback(45)] [Connector ID: langgraph-agent-local] Attempt 3 failed due to error: Server error '500 Internal Server Error' for url 'http://localhost:8001/answer'
For more information check: https://developer.mozilla.org/en-US/docs/Web/HTTP/Status/500
2026-09-16 15:15:14,286 [ERROR][connector.py::get_prediction(384)] [Connector ID: langgraph-agent-local] Prompt Index 9836 failed to get prediction: Server error '500 Internal Server Error' for url 'http://localhost:8001/answer'
For more information check: https://developer.mozilla.org/en-US/docs/Web/HTTP/Status/500
2026-09-16 15:15:14,286 [ERROR][run_progress.py::notify_error(47)] [Benchmarking] Failed to generate prediction for prompt_info [conn_id: langgraph-agent-local, rec_id: mmlu, ds_id: mmlu-all, pt_id: mmlu, prompt_index: 9836] due to error: Server error '500 Internal Server Error' for url 'http://localhost:8001/answer'
For more information check: https://developer.mozilla.org/en-US/docs/Web/HTTP/Status/500
2026-09-16 15:15:14,456 [ERROR][connector.py::perform_retry_callback(45)] [Connector ID: langgraph-agent-local] Attempt 1 failed due to error: Server error '500 Internal Server Error' for url 'http://localhost:8001/answer'
For more information check: https://developer.mozilla.org/en-US/docs/Web/HTTP/Status/500
2026-09-16 15:15:15,609 [ERROR][connector.py::perform_retry_callback(45)] [Connector ID: langgraph-agent-local] Attempt 2 failed due to error: Server error '500 Internal Server Error' for url 'http://localhost:8001/answer'
For more information check: https://developer.mozilla.org/en-US/docs/Web/HTTP/Status/500
2026-09-16 15:15:16,787 [ERROR][connector.py::perform_retry_callback(45)] [Connector ID: langgraph-agent-local] Attempt 3 failed due to error: Server error '500 Internal Server Error' for url 'http://localhost:8001/answer'
For more information check: https://developer.mozilla.org/en-US/docs/Web/HTTP/Status/500
2026-09-16 15:15:16,787 [ERROR][connector.py::get_prediction(384)] [Connector ID: langgraph-agent-local] Prompt Index 9898 failed to get prediction: Server error '500 Internal Server Error' for url 'http://localhost:8001/answer'
For more information check: https://developer.mozilla.org/en-US/docs/Web/HTTP/Status/500
2026-09-16 15:15:16,787 [ERROR][run_progress.py::notify_error(47)] [Benchmarking] Failed to generate prediction for prompt_info [conn_id: langgraph-agent-local, rec_id: mmlu, ds_id: mmlu-all, pt_id: mmlu, prompt_index: 9898] due to error: Server error '500 Internal Server Error' for url 'http://localhost:8001/answer'
For more information check: https://developer.mozilla.org/en-US/docs/Web/HTTP/Status/500
2026-09-16 15:15:16,903 [ERROR][connector.py::perform_retry_callback(45)] [Connector ID: langgraph-agent-local] Attempt 1 failed due to error: Server error '500 Internal Server Error' for url 'http://localhost:8001/answer'
For more information check: https://developer.mozilla.org/en-US/docs/Web/HTTP/Status/500
2026-09-16 15:15:18,009 [ERROR][connector.py::perform_retry_callback(45)] [Connector ID: langgraph-agent-local] Attempt 2 failed due to error: Server error '500 Internal Server Error' for url 'http://localhost:8001/answer'
For more information check: https://developer.mozilla.org/en-US/docs/Web/HTTP/Status/500
2026-09-16 15:15:19,851 [ERROR][connector.py::perform_retry_callback(45)] [Connector ID: langgraph-agent-local] Attempt 3 failed due to error: Server error '500 Internal Server Error' for url 'http://localhost:8001/answer'
For more information check: https://developer.mozilla.org/en-US/docs/Web/HTTP/Status/500
2026-09-16 15:15:19,851 [ERROR][connector.py::get_prediction(384)] [Connector ID: langgraph-agent-local] Prompt Index 9942 failed to get prediction: Server error '500 Internal Server Error' for url 'http://localhost:8001/answer'
For more information check: https://developer.mozilla.org/en-US/docs/Web/HTTP/Status/500
2026-09-16 15:15:19,851 [ERROR][run_progress.py::notify_error(47)] [Benchmarking] Failed to generate prediction for prompt_info [conn_id: langgraph-agent-local, rec_id: mmlu, ds_id: mmlu-all, pt_id: mmlu, prompt_index: 9942] due to error: Server error '500 Internal Server Error' for url 'http://localhost:8001/answer'
For more information check: https://developer.mozilla.org/en-US/docs/Web/HTTP/Status/500
2026-09-16 15:15:20,026 [ERROR][connector.py::perform_retry_callback(45)] [Connector ID: langgraph-agent-local] Attempt 1 failed due to error: Server error '500 Internal Server Error' for url 'http://localhost:8001/answer'
For more information check: https://developer.mozilla.org/en-US/docs/Web/HTTP/Status/500
2026-09-16 15:15:21,159 [ERROR][connector.py::perform_retry_callback(45)] [Connector ID: langgraph-agent-local] Attempt 2 failed due to error: Server error '500 Internal Server Error' for url 'http://localhost:8001/answer'
For more information check: https://developer.mozilla.org/en-US/docs/Web/HTTP/Status/500
2026-09-16 15:15:22,635 [ERROR][connector.py::perform_retry_callback(45)] [Connector ID: langgraph-agent-local] Attempt 3 failed due to error: Server error '500 Internal Server Error' for url 'http://localhost:8001/answer'
For more information check: https://developer.mozilla.org/en-US/docs/Web/HTTP/Status/500
2026-09-16 15:15:22,635 [ERROR][connector.py::get_prediction(384)] [Connector ID: langgraph-agent-local] Prompt Index 10135 failed to get prediction: Server error '500 Internal Server Error' for url 'http://localhost:8001/answer'
For more information check: https://developer.mozilla.org/en-US/docs/Web/HTTP/Status/500
2026-09-16 15:15:22,635 [ERROR][run_progress.py::notify_error(47)] [Benchmarking] Failed to generate prediction for prompt_info [conn_id: langgraph-agent-local, rec_id: mmlu, ds_id: mmlu-all, pt_id: mmlu, prompt_index: 10135] due to error: Server error '500 Internal Server Error' for url 'http://localhost:8001/answer'
For more information check: https://developer.mozilla.org/en-US/docs/Web/HTTP/Status/500
2026-09-16 15:15:22,825 [ERROR][connector.py::perform_retry_callback(45)] [Connector ID: langgraph-agent-local] Attempt 1 failed due to error: Server error '500 Internal Server Error' for url 'http://localhost:8001/answer'
For more information check: https://developer.mozilla.org/en-US/docs/Web/HTTP/Status/500
2026-09-16 15:15:24,003 [ERROR][connector.py::perform_retry_callback(45)] [Connector ID: langgraph-agent-local] Attempt 2 failed due to error: Server error '500 Internal Server Error' for url 'http://localhost:8001/answer'
For more information check: https://developer.mozilla.org/en-US/docs/Web/HTTP/Status/500
2026-09-16 15:15:25,735 [ERROR][connector.py::perform_retry_callback(45)] [Connector ID: langgraph-agent-local] Attempt 3 failed due to error: Server error '500 Internal Server Error' for url 'http://localhost:8001/answer'
For more information check: https://developer.mozilla.org/en-US/docs/Web/HTTP/Status/500
2026-09-16 15:15:25,735 [ERROR][connector.py::get_prediction(384)] [Connector ID: langgraph-agent-local] Prompt Index 10581 failed to get prediction: Server error '500 Internal Server Error' for url 'http://localhost:8001/answer'
For more information check: https://developer.mozilla.org/en-US/docs/Web/HTTP/Status/500
2026-09-16 15:15:25,735 [ERROR][run_progress.py::notify_error(47)] [Benchmarking] Failed to generate prediction for prompt_info [conn_id: langgraph-agent-local, rec_id: mmlu, ds_id: mmlu-all, pt_id: mmlu, prompt_index: 10581] due to error: Server error '500 Internal Server Error' for url 'http://localhost:8001/answer'
For more information check: https://developer.mozilla.org/en-US/docs/Web/HTTP/Status/500
2026-09-16 15:15:25,836 [ERROR][connector.py::perform_retry_callback(45)] [Connector ID: langgraph-agent-local] Attempt 1 failed due to error: Server error '500 Internal Server Error' for url 'http://localhost:8001/answer'
For more information check: https://developer.mozilla.org/en-US/docs/Web/HTTP/Status/500
2026-09-16 15:15:26,948 [ERROR][connector.py::perform_retry_callback(45)] [Connector ID: langgraph-agent-local] Attempt 2 failed due to error: Server error '500 Internal Server Error' for url 'http://localhost:8001/answer'
For more information check: https://developer.mozilla.org/en-US/docs/Web/HTTP/Status/500
2026-09-16 15:15:28,766 [ERROR][connector.py::perform_retry_callback(45)] [Connector ID: langgraph-agent-local] Attempt 3 failed due to error: Server error '500 Internal Server Error' for url 'http://localhost:8001/answer'
For more information check: https://developer.mozilla.org/en-US/docs/Web/HTTP/Status/500
2026-09-16 15:15:28,766 [ERROR][connector.py::get_prediction(384)] [Connector ID: langgraph-agent-local] Prompt Index 10628 failed to get prediction: Server error '500 Internal Server Error' for url 'http://localhost:8001/answer'
For more information check: https://developer.mozilla.org/en-US/docs/Web/HTTP/Status/500
2026-09-16 15:15:28,766 [ERROR][run_progress.py::notify_error(47)] [Benchmarking] Failed to generate prediction for prompt_info [conn_id: langgraph-agent-local, rec_id: mmlu, ds_id: mmlu-all, pt_id: mmlu, prompt_index: 10628] due to error: Server error '500 Internal Server Error' for url 'http://localhost:8001/answer'
For more information check: https://developer.mozilla.org/en-US/docs/Web/HTTP/Status/500
2026-09-16 15:15:28,775 [INFO][connector.py::get_prediction(356)] [Connector ID: langgraph-agent-local] Predicting Prompt Index 10644.
2026-09-16 15:15:28,780 [INFO][connector.py::get_prediction(356)] [Connector ID: langgraph-agent-local] Predicting Prompt Index 10756.
2026-09-16 15:15:28,780 [INFO][connector.py::get_prediction(356)] [Connector ID: langgraph-agent-local] Predicting Prompt Index 11079.
2026-09-16 15:15:28,780 [INFO][connector.py::get_prediction(356)] [Connector ID: langgraph-agent-local] Predicting Prompt Index 11164.
2026-09-16 15:15:28,780 [INFO][connector.py::get_prediction(356)] [Connector ID: langgraph-agent-local] Predicting Prompt Index 11549.
2026-09-16 15:15:28,780 [INFO][connector.py::get_prediction(356)] [Connector ID: langgraph-agent-local] Predicting Prompt Index 11589.
2026-09-16 15:15:28,780 [INFO][connector.py::get_prediction(356)] [Connector ID: langgraph-agent-local] Predicting Prompt Index 11822.
2026-09-16 15:15:28,780 [INFO][connector.py::get_prediction(356)] [Connector ID: langgraph-agent-local] Predicting Prompt Index 11846.
2026-09-16 15:15:28,780 [INFO][connector.py::get_prediction(356)] [Connector ID: langgraph-agent-local] Predicting Prompt Index 11966.
2026-09-16 15:15:28,780 [INFO][connector.py::get_prediction(356)] [Connector ID: langgraph-agent-local] Predicting Prompt Index 12022.
2026-09-16 15:15:28,954 [ERROR][connector.py::perform_retry_callback(45)] [Connector ID: langgraph-agent-local] Attempt 1 failed due to error: Server error '500 Internal Server Error' for url 'http://localhost:8001/answer'
For more information check: https://developer.mozilla.org/en-US/docs/Web/HTTP/Status/500
2026-09-16 15:15:30,102 [ERROR][connector.py::perform_retry_callback(45)] [Connector ID: langgraph-agent-local] Attempt 2 failed due to error: Server error '500 Internal Server Error' for url 'http://localhost:8001/answer'
For more information check: https://developer.mozilla.org/en-US/docs/Web/HTTP/Status/500
2026-09-16 15:15:32,022 [ERROR][connector.py::perform_retry_callback(45)] [Connector ID: langgraph-agent-local] Attempt 3 failed due to error: Server error '500 Internal Server Error' for url 'http://localhost:8001/answer'
For more information check: https://developer.mozilla.org/en-US/docs/Web/HTTP/Status/500
2026-09-16 15:15:32,022 [ERROR][connector.py::get_prediction(384)] [Connector ID: langgraph-agent-local] Prompt Index 10644 failed to get prediction: Server error '500 Internal Server Error' for url 'http://localhost:8001/answer'
For more information check: https://developer.mozilla.org/en-US/docs/Web/HTTP/Status/500
2026-09-16 15:15:32,022 [ERROR][run_progress.py::notify_error(47)] [Benchmarking] Failed to generate prediction for prompt_info [conn_id: langgraph-agent-local, rec_id: mmlu, ds_id: mmlu-all, pt_id: mmlu, prompt_index: 10644] due to error: Server error '500 Internal Server Error' for url 'http://localhost:8001/answer'
For more information check: https://developer.mozilla.org/en-US/docs/Web/HTTP/Status/500
2026-09-16 15:15:32,116 [ERROR][connector.py::perform_retry_callback(45)] [Connector ID: langgraph-agent-local] Attempt 1 failed due to error: Server error '500 Internal Server Error' for url 'http://localhost:8001/answer'
For more information check: https://developer.mozilla.org/en-US/docs/Web/HTTP/Status/500
2026-09-16 15:15:33,224 [ERROR][connector.py::perform_retry_callback(45)] [Connector ID: langgraph-agent-local] Attempt 2 failed due to error: Server error '500 Internal Server Error' for url 'http://localhost:8001/answer'
For more information check: https://developer.mozilla.org/en-US/docs/Web/HTTP/Status/500
2026-09-16 15:15:34,974 [ERROR][connector.py::perform_retry_callback(45)] [Connector ID: langgraph-agent-local] Attempt 3 failed due to error: Server error '500 Internal Server Error' for url 'http://localhost:8001/answer'
For more information check: https://developer.mozilla.org/en-US/docs/Web/HTTP/Status/500
2026-09-16 15:15:34,974 [ERROR][connector.py::get_prediction(384)] [Connector ID: langgraph-agent-local] Prompt Index 10756 failed to get prediction: Server error '500 Internal Server Error' for url 'http://localhost:8001/answer'
For more information check: https://developer.mozilla.org/en-US/docs/Web/HTTP/Status/500
2026-09-16 15:15:34,974 [ERROR][run_progress.py::notify_error(47)] [Benchmarking] Failed to generate prediction for prompt_info [conn_id: langgraph-agent-local, rec_id: mmlu, ds_id: mmlu-all, pt_id: mmlu, prompt_index: 10756] due to error: Server error '500 Internal Server Error' for url 'http://localhost:8001/answer'
For more information check: https://developer.mozilla.org/en-US/docs/Web/HTTP/Status/500
2026-09-16 15:15:35,152 [ERROR][connector.py::perform_retry_callback(45)] [Connector ID: langgraph-agent-local] Attempt 1 failed due to error: Server error '500 Internal Server Error' for url 'http://localhost:8001/answer'
For more information check: https://developer.mozilla.org/en-US/docs/Web/HTTP/Status/500
2026-09-16 15:15:36,286 [ERROR][connector.py::perform_retry_callback(45)] [Connector ID: langgraph-agent-local] Attempt 2 failed due to error: Server error '500 Internal Server Error' for url 'http://localhost:8001/answer'
For more information check: https://developer.mozilla.org/en-US/docs/Web/HTTP/Status/500
2026-09-16 15:15:37,826 [ERROR][connector.py::perform_retry_callback(45)] [Connector ID: langgraph-agent-local] Attempt 3 failed due to error: Server error '500 Internal Server Error' for url 'http://localhost:8001/answer'
For more information check: https://developer.mozilla.org/en-US/docs/Web/HTTP/Status/500
2026-09-16 15:15:37,826 [ERROR][connector.py::get_prediction(384)] [Connector ID: langgraph-agent-local] Prompt Index 11079 failed to get prediction: Server error '500 Internal Server Error' for url 'http://localhost:8001/answer'
For more information check: https://developer.mozilla.org/en-US/docs/Web/HTTP/Status/500
2026-09-16 15:15:37,827 [ERROR][run_progress.py::notify_error(47)] [Benchmarking] Failed to generate prediction for prompt_info [conn_id: langgraph-agent-local, rec_id: mmlu, ds_id: mmlu-all, pt_id: mmlu, prompt_index: 11079] due to error: Server error '500 Internal Server Error' for url 'http://localhost:8001/answer'
For more information check: https://developer.mozilla.org/en-US/docs/Web/HTTP/Status/500
2026-09-16 15:15:37,933 [ERROR][connector.py::perform_retry_callback(45)] [Connector ID: langgraph-agent-local] Attempt 1 failed due to error: Server error '500 Internal Server Error' for url 'http://localhost:8001/answer'
For more information check: https://developer.mozilla.org/en-US/docs/Web/HTTP/Status/500
2026-09-16 15:15:39,067 [ERROR][connector.py::perform_retry_callback(45)] [Connector ID: langgraph-agent-local] Attempt 2 failed due to error: Server error '500 Internal Server Error' for url 'http://localhost:8001/answer'
For more information check: https://developer.mozilla.org/en-US/docs/Web/HTTP/Status/500
2026-09-16 15:15:41,143 [ERROR][connector.py::perform_retry_callback(45)] [Connector ID: langgraph-agent-local] Attempt 3 failed due to error: Server error '500 Internal Server Error' for url 'http://localhost:8001/answer'
For more information check: https://developer.mozilla.org/en-US/docs/Web/HTTP/Status/500
2026-09-16 15:15:41,143 [ERROR][connector.py::get_prediction(384)] [Connector ID: langgraph-agent-local] Prompt Index 11164 failed to get prediction: Server error '500 Internal Server Error' for url 'http://localhost:8001/answer'
For more information check: https://developer.mozilla.org/en-US/docs/Web/HTTP/Status/500
2026-09-16 15:15:41,144 [ERROR][run_progress.py::notify_error(47)] [Benchmarking] Failed to generate prediction for prompt_info [conn_id: langgraph-agent-local, rec_id: mmlu, ds_id: mmlu-all, pt_id: mmlu, prompt_index: 11164] due to error: Server error '500 Internal Server Error' for url 'http://localhost:8001/answer'
For more information check: https://developer.mozilla.org/en-US/docs/Web/HTTP/Status/500
2026-09-16 15:15:41,238 [ERROR][connector.py::perform_retry_callback(45)] [Connector ID: langgraph-agent-local] Attempt 1 failed due to error: Server error '500 Internal Server Error' for url 'http://localhost:8001/answer'
For more information check: https://developer.mozilla.org/en-US/docs/Web/HTTP/Status/500
2026-09-16 15:15:42,367 [ERROR][connector.py::perform_retry_callback(45)] [Connector ID: langgraph-agent-local] Attempt 2 failed due to error: Server error '500 Internal Server Error' for url 'http://localhost:8001/answer'
For more information check: https://developer.mozilla.org/en-US/docs/Web/HTTP/Status/500
2026-09-16 15:15:44,386 [ERROR][connector.py::perform_retry_callback(45)] [Connector ID: langgraph-agent-local] Attempt 3 failed due to error: Server error '500 Internal Server Error' for url 'http://localhost:8001/answer'
For more information check: https://developer.mozilla.org/en-US/docs/Web/HTTP/Status/500
2026-09-16 15:15:44,386 [ERROR][connector.py::get_prediction(384)] [Connector ID: langgraph-agent-local] Prompt Index 11549 failed to get prediction: Server error '500 Internal Server Error' for url 'http://localhost:8001/answer'
For more information check: https://developer.mozilla.org/en-US/docs/Web/HTTP/Status/500
2026-09-16 15:15:44,386 [ERROR][run_progress.py::notify_error(47)] [Benchmarking] Failed to generate prediction for prompt_info [conn_id: langgraph-agent-local, rec_id: mmlu, ds_id: mmlu-all, pt_id: mmlu, prompt_index: 11549] due to error: Server error '500 Internal Server Error' for url 'http://localhost:8001/answer'
For more information check: https://developer.mozilla.org/en-US/docs/Web/HTTP/Status/500
2026-09-16 15:15:44,494 [ERROR][connector.py::perform_retry_callback(45)] [Connector ID: langgraph-agent-local] Attempt 1 failed due to error: Server error '500 Internal Server Error' for url 'http://localhost:8001/answer'
For more information check: https://developer.mozilla.org/en-US/docs/Web/HTTP/Status/500
2026-09-16 15:15:45,611 [ERROR][connector.py::perform_retry_callback(45)] [Connector ID: langgraph-agent-local] Attempt 2 failed due to error: Server error '500 Internal Server Error' for url 'http://localhost:8001/answer'
For more information check: https://developer.mozilla.org/en-US/docs/Web/HTTP/Status/500
2026-09-16 15:15:47,425 [ERROR][connector.py::perform_retry_callback(45)] [Connector ID: langgraph-agent-local] Attempt 3 failed due to error: Server error '500 Internal Server Error' for url 'http://localhost:8001/answer'
For more information check: https://developer.mozilla.org/en-US/docs/Web/HTTP/Status/500
2026-09-16 15:15:47,425 [ERROR][connector.py::get_prediction(384)] [Connector ID: langgraph-agent-local] Prompt Index 11589 failed to get prediction: Server error '500 Internal Server Error' for url 'http://localhost:8001/answer'
For more information check: https://developer.mozilla.org/en-US/docs/Web/HTTP/Status/500
2026-09-16 15:15:47,425 [ERROR][run_progress.py::notify_error(47)] [Benchmarking] Failed to generate prediction for prompt_info [conn_id: langgraph-agent-local, rec_id: mmlu, ds_id: mmlu-all, pt_id: mmlu, prompt_index: 11589] due to error: Server error '500 Internal Server Error' for url 'http://localhost:8001/answer'
For more information check: https://developer.mozilla.org/en-US/docs/Web/HTTP/Status/500
2026-09-16 15:15:47,552 [ERROR][connector.py::perform_retry_callback(45)] [Connector ID: langgraph-agent-local] Attempt 1 failed due to error: Server error '500 Internal Server Error' for url 'http://localhost:8001/answer'
For more information check: https://developer.mozilla.org/en-US/docs/Web/HTTP/Status/500
2026-09-16 15:15:48,636 [ERROR][connector.py::perform_retry_callback(45)] [Connector ID: langgraph-agent-local] Attempt 2 failed due to error: Server error '500 Internal Server Error' for url 'http://localhost:8001/answer'
For more information check: https://developer.mozilla.org/en-US/docs/Web/HTTP/Status/500
2026-09-16 15:15:50,063 [ERROR][connector.py::perform_retry_callback(45)] [Connector ID: langgraph-agent-local] Attempt 3 failed due to error: Server error '500 Internal Server Error' for url 'http://localhost:8001/answer'
For more information check: https://developer.mozilla.org/en-US/docs/Web/HTTP/Status/500
2026-09-16 15:15:50,063 [ERROR][connector.py::get_prediction(384)] [Connector ID: langgraph-agent-local] Prompt Index 11822 failed to get prediction: Server error '500 Internal Server Error' for url 'http://localhost:8001/answer'
For more information check: https://developer.mozilla.org/en-US/docs/Web/HTTP/Status/500
2026-09-16 15:15:50,063 [ERROR][run_progress.py::notify_error(47)] [Benchmarking] Failed to generate prediction for prompt_info [conn_id: langgraph-agent-local, rec_id: mmlu, ds_id: mmlu-all, pt_id: mmlu, prompt_index: 11822] due to error: Server error '500 Internal Server Error' for url 'http://localhost:8001/answer'
For more information check: https://developer.mozilla.org/en-US/docs/Web/HTTP/Status/500
2026-09-16 15:15:50,150 [ERROR][connector.py::perform_retry_callback(45)] [Connector ID: langgraph-agent-local] Attempt 1 failed due to error: Server error '500 Internal Server Error' for url 'http://localhost:8001/answer'
For more information check: https://developer.mozilla.org/en-US/docs/Web/HTTP/Status/500
2026-09-16 15:15:51,255 [ERROR][connector.py::perform_retry_callback(45)] [Connector ID: langgraph-agent-local] Attempt 2 failed due to error: Server error '500 Internal Server Error' for url 'http://localhost:8001/answer'
For more information check: https://developer.mozilla.org/en-US/docs/Web/HTTP/Status/500
2026-09-16 15:15:52,476 [ERROR][connector.py::perform_retry_callback(45)] [Connector ID: langgraph-agent-local] Attempt 3 failed due to error: Server error '500 Internal Server Error' for url 'http://localhost:8001/answer'
For more information check: https://developer.mozilla.org/en-US/docs/Web/HTTP/Status/500
2026-09-16 15:15:52,476 [ERROR][connector.py::get_prediction(384)] [Connector ID: langgraph-agent-local] Prompt Index 11846 failed to get prediction: Server error '500 Internal Server Error' for url 'http://localhost:8001/answer'
For more information check: https://developer.mozilla.org/en-US/docs/Web/HTTP/Status/500
2026-09-16 15:15:52,477 [ERROR][run_progress.py::notify_error(47)] [Benchmarking] Failed to generate prediction for prompt_info [conn_id: langgraph-agent-local, rec_id: mmlu, ds_id: mmlu-all, pt_id: mmlu, prompt_index: 11846] due to error: Server error '500 Internal Server Error' for url 'http://localhost:8001/answer'
For more information check: https://developer.mozilla.org/en-US/docs/Web/HTTP/Status/500
2026-09-16 15:15:52,568 [ERROR][connector.py::perform_retry_callback(45)] [Connector ID: langgraph-agent-local] Attempt 1 failed due to error: Server error '500 Internal Server Error' for url 'http://localhost:8001/answer'
For more information check: https://developer.mozilla.org/en-US/docs/Web/HTTP/Status/500
2026-09-16 15:15:53,667 [ERROR][connector.py::perform_retry_callback(45)] [Connector ID: langgraph-agent-local] Attempt 2 failed due to error: Server error '500 Internal Server Error' for url 'http://localhost:8001/answer'
For more information check: https://developer.mozilla.org/en-US/docs/Web/HTTP/Status/500
2026-09-16 15:15:54,885 [ERROR][connector.py::perform_retry_callback(45)] [Connector ID: langgraph-agent-local] Attempt 3 failed due to error: Server error '500 Internal Server Error' for url 'http://localhost:8001/answer'
For more information check: https://developer.mozilla.org/en-US/docs/Web/HTTP/Status/500
2026-09-16 15:15:54,885 [ERROR][connector.py::get_prediction(384)] [Connector ID: langgraph-agent-local] Prompt Index 11966 failed to get prediction: Server error '500 Internal Server Error' for url 'http://localhost:8001/answer'
For more information check: https://developer.mozilla.org/en-US/docs/Web/HTTP/Status/500
2026-09-16 15:15:54,885 [ERROR][run_progress.py::notify_error(47)] [Benchmarking] Failed to generate prediction for prompt_info [conn_id: langgraph-agent-local, rec_id: mmlu, ds_id: mmlu-all, pt_id: mmlu, prompt_index: 11966] due to error: Server error '500 Internal Server Error' for url 'http://localhost:8001/answer'
For more information check: https://developer.mozilla.org/en-US/docs/Web/HTTP/Status/500
2026-09-16 15:15:55,150 [ERROR][connector.py::perform_retry_callback(45)] [Connector ID: langgraph-agent-local] Attempt 1 failed due to error: Server error '500 Internal Server Error' for url 'http://localhost:8001/answer'
For more information check: https://developer.mozilla.org/en-US/docs/Web/HTTP/Status/500
2026-09-16 15:15:56,277 [ERROR][connector.py::perform_retry_callback(45)] [Connector ID: langgraph-agent-local] Attempt 2 failed due to error: Server error '500 Internal Server Error' for url 'http://localhost:8001/answer'
For more information check: https://developer.mozilla.org/en-US/docs/Web/HTTP/Status/500
2026-09-16 15:15:57,794 [ERROR][connector.py::perform_retry_callback(45)] [Connector ID: langgraph-agent-local] Attempt 3 failed due to error: Server error '500 Internal Server Error' for url 'http://localhost:8001/answer'
For more information check: https://developer.mozilla.org/en-US/docs/Web/HTTP/Status/500
2026-09-16 15:15:57,794 [ERROR][connector.py::get_prediction(384)] [Connector ID: langgraph-agent-local] Prompt Index 12022 failed to get prediction: Server error '500 Internal Server Error' for url 'http://localhost:8001/answer'
For more information check: https://developer.mozilla.org/en-US/docs/Web/HTTP/Status/500
2026-09-16 15:15:57,795 [ERROR][run_progress.py::notify_error(47)] [Benchmarking] Failed to generate prediction for prompt_info [conn_id: langgraph-agent-local, rec_id: mmlu, ds_id: mmlu-all, pt_id: mmlu, prompt_index: 12022] due to error: Server error '500 Internal Server Error' for url 'http://localhost:8001/answer'
For more information check: https://developer.mozilla.org/en-US/docs/Web/HTTP/Status/500
2026-09-16 15:15:57,796 [INFO][connector.py::get_prediction(356)] [Connector ID: langgraph-agent-local] Predicting Prompt Index 12097.
2026-09-16 15:15:57,808 [INFO][connector.py::get_prediction(356)] [Connector ID: langgraph-agent-local] Predicting Prompt Index 12108.
2026-09-16 15:15:57,808 [INFO][connector.py::get_prediction(356)] [Connector ID: langgraph-agent-local] Predicting Prompt Index 12203.
2026-09-16 15:15:57,808 [INFO][connector.py::get_prediction(356)] [Connector ID: langgraph-agent-local] Predicting Prompt Index 12362.
2026-09-16 15:15:57,808 [INFO][connector.py::get_prediction(356)] [Connector ID: langgraph-agent-local] Predicting Prompt Index 12380.
2026-09-16 15:15:57,808 [INFO][connector.py::get_prediction(356)] [Connector ID: langgraph-agent-local] Predicting Prompt Index 12512.
2026-09-16 15:15:57,808 [INFO][connector.py::get_prediction(356)] [Connector ID: langgraph-agent-local] Predicting Prompt Index 12533.
2026-09-16 15:15:57,808 [INFO][connector.py::get_prediction(356)] [Connector ID: langgraph-agent-local] Predicting Prompt Index 12604.
2026-09-16 15:15:57,808 [INFO][connector.py::get_prediction(356)] [Connector ID: langgraph-agent-local] Predicting Prompt Index 12629.
2026-09-16 15:15:57,808 [INFO][connector.py::get_prediction(356)] [Connector ID: langgraph-agent-local] Predicting Prompt Index 12888.
2026-09-16 15:15:57,935 [ERROR][connector.py::perform_retry_callback(45)] [Connector ID: langgraph-agent-local] Attempt 1 failed due to error: Server error '500 Internal Server Error' for url 'http://localhost:8001/answer'
For more information check: https://developer.mozilla.org/en-US/docs/Web/HTTP/Status/500
2026-09-16 15:15:59,018 [ERROR][connector.py::perform_retry_callback(45)] [Connector ID: langgraph-agent-local] Attempt 2 failed due to error: Server error '500 Internal Server Error' for url 'http://localhost:8001/answer'
For more information check: https://developer.mozilla.org/en-US/docs/Web/HTTP/Status/500
2026-09-16 15:16:00,813 [ERROR][connector.py::perform_retry_callback(45)] [Connector ID: langgraph-agent-local] Attempt 3 failed due to error: Server error '500 Internal Server Error' for url 'http://localhost:8001/answer'
For more information check: https://developer.mozilla.org/en-US/docs/Web/HTTP/Status/500
2026-09-16 15:16:00,813 [ERROR][connector.py::get_prediction(384)] [Connector ID: langgraph-agent-local] Prompt Index 12097 failed to get prediction: Server error '500 Internal Server Error' for url 'http://localhost:8001/answer'
For more information check: https://developer.mozilla.org/en-US/docs/Web/HTTP/Status/500
2026-09-16 15:16:00,813 [ERROR][run_progress.py::notify_error(47)] [Benchmarking] Failed to generate prediction for prompt_info [conn_id: langgraph-agent-local, rec_id: mmlu, ds_id: mmlu-all, pt_id: mmlu, prompt_index: 12097] due to error: Server error '500 Internal Server Error' for url 'http://localhost:8001/answer'
For more information check: https://developer.mozilla.org/en-US/docs/Web/HTTP/Status/500
2026-09-16 15:16:00,931 [ERROR][connector.py::perform_retry_callback(45)] [Connector ID: langgraph-agent-local] Attempt 1 failed due to error: Server error '500 Internal Server Error' for url 'http://localhost:8001/answer'
For more information check: https://developer.mozilla.org/en-US/docs/Web/HTTP/Status/500
2026-09-16 15:16:02,013 [ERROR][connector.py::perform_retry_callback(45)] [Connector ID: langgraph-agent-local] Attempt 2 failed due to error: Server error '500 Internal Server Error' for url 'http://localhost:8001/answer'
For more information check: https://developer.mozilla.org/en-US/docs/Web/HTTP/Status/500
2026-09-16 15:16:03,547 [ERROR][connector.py::perform_retry_callback(45)] [Connector ID: langgraph-agent-local] Attempt 3 failed due to error: Server error '500 Internal Server Error' for url 'http://localhost:8001/answer'
For more information check: https://developer.mozilla.org/en-US/docs/Web/HTTP/Status/500
2026-09-16 15:16:03,547 [ERROR][connector.py::get_prediction(384)] [Connector ID: langgraph-agent-local] Prompt Index 12108 failed to get prediction: Server error '500 Internal Server Error' for url 'http://localhost:8001/answer'
For more information check: https://developer.mozilla.org/en-US/docs/Web/HTTP/Status/500
2026-09-16 15:16:03,547 [ERROR][run_progress.py::notify_error(47)] [Benchmarking] Failed to generate prediction for prompt_info [conn_id: langgraph-agent-local, rec_id: mmlu, ds_id: mmlu-all, pt_id: mmlu, prompt_index: 12108] due to error: Server error '500 Internal Server Error' for url 'http://localhost:8001/answer'
For more information check: https://developer.mozilla.org/en-US/docs/Web/HTTP/Status/500
2026-09-16 15:16:03,722 [ERROR][connector.py::perform_retry_callback(45)] [Connector ID: langgraph-agent-local] Attempt 1 failed due to error: Server error '500 Internal Server Error' for url 'http://localhost:8001/answer'
For more information check: https://developer.mozilla.org/en-US/docs/Web/HTTP/Status/500
2026-09-16 15:16:04,823 [ERROR][connector.py::perform_retry_callback(45)] [Connector ID: langgraph-agent-local] Attempt 2 failed due to error: Server error '500 Internal Server Error' for url 'http://localhost:8001/answer'
For more information check: https://developer.mozilla.org/en-US/docs/Web/HTTP/Status/500
2026-09-16 15:16:06,813 [ERROR][connector.py::perform_retry_callback(45)] [Connector ID: langgraph-agent-local] Attempt 3 failed due to error: Server error '500 Internal Server Error' for url 'http://localhost:8001/answer'
For more information check: https://developer.mozilla.org/en-US/docs/Web/HTTP/Status/500
2026-09-16 15:16:06,814 [ERROR][connector.py::get_prediction(384)] [Connector ID: langgraph-agent-local] Prompt Index 12203 failed to get prediction: Server error '500 Internal Server Error' for url 'http://localhost:8001/answer'
For more information check: https://developer.mozilla.org/en-US/docs/Web/HTTP/Status/500
2026-09-16 15:16:06,814 [ERROR][run_progress.py::notify_error(47)] [Benchmarking] Failed to generate prediction for prompt_info [conn_id: langgraph-agent-local, rec_id: mmlu, ds_id: mmlu-all, pt_id: mmlu, prompt_index: 12203] due to error: Server error '500 Internal Server Error' for url 'http://localhost:8001/answer'
For more information check: https://developer.mozilla.org/en-US/docs/Web/HTTP/Status/500
2026-09-16 15:16:06,924 [ERROR][connector.py::perform_retry_callback(45)] [Connector ID: langgraph-agent-local] Attempt 1 failed due to error: Server error '500 Internal Server Error' for url 'http://localhost:8001/answer'
For more information check: https://developer.mozilla.org/en-US/docs/Web/HTTP/Status/500
2026-09-16 15:16:08,051 [ERROR][connector.py::perform_retry_callback(45)] [Connector ID: langgraph-agent-local] Attempt 2 failed due to error: Server error '500 Internal Server Error' for url 'http://localhost:8001/answer'
For more information check: https://developer.mozilla.org/en-US/docs/Web/HTTP/Status/500
2026-09-16 15:16:09,722 [ERROR][connector.py::perform_retry_callback(45)] [Connector ID: langgraph-agent-local] Attempt 3 failed due to error: Server error '500 Internal Server Error' for url 'http://localhost:8001/answer'
For more information check: https://developer.mozilla.org/en-US/docs/Web/HTTP/Status/500
2026-09-16 15:16:09,722 [ERROR][connector.py::get_prediction(384)] [Connector ID: langgraph-agent-local] Prompt Index 12362 failed to get prediction: Server error '500 Internal Server Error' for url 'http://localhost:8001/answer'
For more information check: https://developer.mozilla.org/en-US/docs/Web/HTTP/Status/500
2026-09-16 15:16:09,722 [ERROR][run_progress.py::notify_error(47)] [Benchmarking] Failed to generate prediction for prompt_info [conn_id: langgraph-agent-local, rec_id: mmlu, ds_id: mmlu-all, pt_id: mmlu, prompt_index: 12362] due to error: Server error '500 Internal Server Error' for url 'http://localhost:8001/answer'
For more information check: https://developer.mozilla.org/en-US/docs/Web/HTTP/Status/500
2026-09-16 15:16:09,919 [ERROR][connector.py::perform_retry_callback(45)] [Connector ID: langgraph-agent-local] Attempt 1 failed due to error: Server error '500 Internal Server Error' for url 'http://localhost:8001/answer'
For more information check: https://developer.mozilla.org/en-US/docs/Web/HTTP/Status/500
2026-09-16 15:16:11,049 [ERROR][connector.py::perform_retry_callback(45)] [Connector ID: langgraph-agent-local] Attempt 2 failed due to error: Server error '500 Internal Server Error' for url 'http://localhost:8001/answer'
For more information check: https://developer.mozilla.org/en-US/docs/Web/HTTP/Status/500
2026-09-16 15:16:13,049 [ERROR][connector.py::perform_retry_callback(45)] [Connector ID: langgraph-agent-local] Attempt 3 failed due to error: Server error '500 Internal Server Error' for url 'http://localhost:8001/answer'
For more information check: https://developer.mozilla.org/en-US/docs/Web/HTTP/Status/500
2026-09-16 15:16:13,049 [ERROR][connector.py::get_prediction(384)] [Connector ID: langgraph-agent-local] Prompt Index 12380 failed to get prediction: Server error '500 Internal Server Error' for url 'http://localhost:8001/answer'
For more information check: https://developer.mozilla.org/en-US/docs/Web/HTTP/Status/500
2026-09-16 15:16:13,049 [ERROR][run_progress.py::notify_error(47)] [Benchmarking] Failed to generate prediction for prompt_info [conn_id: langgraph-agent-local, rec_id: mmlu, ds_id: mmlu-all, pt_id: mmlu, prompt_index: 12380] due to error: Server error '500 Internal Server Error' for url 'http://localhost:8001/answer'
For more information check: https://developer.mozilla.org/en-US/docs/Web/HTTP/Status/500
2026-09-16 15:16:13,222 [ERROR][connector.py::perform_retry_callback(45)] [Connector ID: langgraph-agent-local] Attempt 1 failed due to error: Server error '500 Internal Server Error' for url 'http://localhost:8001/answer'
For more information check: https://developer.mozilla.org/en-US/docs/Web/HTTP/Status/500
2026-09-16 15:16:14,325 [ERROR][connector.py::perform_retry_callback(45)] [Connector ID: langgraph-agent-local] Attempt 2 failed due to error: Server error '500 Internal Server Error' for url 'http://localhost:8001/answer'
For more information check: https://developer.mozilla.org/en-US/docs/Web/HTTP/Status/500
2026-09-16 15:16:15,993 [ERROR][connector.py::perform_retry_callback(45)] [Connector ID: langgraph-agent-local] Attempt 3 failed due to error: Server error '500 Internal Server Error' for url 'http://localhost:8001/answer'
For more information check: https://developer.mozilla.org/en-US/docs/Web/HTTP/Status/500
2026-09-16 15:16:15,993 [ERROR][connector.py::get_prediction(384)] [Connector ID: langgraph-agent-local] Prompt Index 12512 failed to get prediction: Server error '500 Internal Server Error' for url 'http://localhost:8001/answer'
For more information check: https://developer.mozilla.org/en-US/docs/Web/HTTP/Status/500
2026-09-16 15:16:15,993 [ERROR][run_progress.py::notify_error(47)] [Benchmarking] Failed to generate prediction for prompt_info [conn_id: langgraph-agent-local, rec_id: mmlu, ds_id: mmlu-all, pt_id: mmlu, prompt_index: 12512] due to error: Server error '500 Internal Server Error' for url 'http://localhost:8001/answer'
For more information check: https://developer.mozilla.org/en-US/docs/Web/HTTP/Status/500
2026-09-16 15:16:16,097 [ERROR][connector.py::perform_retry_callback(45)] [Connector ID: langgraph-agent-local] Attempt 1 failed due to error: Server error '500 Internal Server Error' for url 'http://localhost:8001/answer'
For more information check: https://developer.mozilla.org/en-US/docs/Web/HTTP/Status/500
2026-09-16 15:16:17,205 [ERROR][connector.py::perform_retry_callback(45)] [Connector ID: langgraph-agent-local] Attempt 2 failed due to error: Server error '500 Internal Server Error' for url 'http://localhost:8001/answer'
For more information check: https://developer.mozilla.org/en-US/docs/Web/HTTP/Status/500
2026-09-16 15:16:18,550 [ERROR][connector.py::perform_retry_callback(45)] [Connector ID: langgraph-agent-local] Attempt 3 failed due to error: Server error '500 Internal Server Error' for url 'http://localhost:8001/answer'
For more information check: https://developer.mozilla.org/en-US/docs/Web/HTTP/Status/500
2026-09-16 15:16:18,550 [ERROR][connector.py::get_prediction(384)] [Connector ID: langgraph-agent-local] Prompt Index 12533 failed to get prediction: Server error '500 Internal Server Error' for url 'http://localhost:8001/answer'
For more information check: https://developer.mozilla.org/en-US/docs/Web/HTTP/Status/500
2026-09-16 15:16:18,550 [ERROR][run_progress.py::notify_error(47)] [Benchmarking] Failed to generate prediction for prompt_info [conn_id: langgraph-agent-local, rec_id: mmlu, ds_id: mmlu-all, pt_id: mmlu, prompt_index: 12533] due to error: Server error '500 Internal Server Error' for url 'http://localhost:8001/answer'
For more information check: https://developer.mozilla.org/en-US/docs/Web/HTTP/Status/500
2026-09-16 15:16:18,670 [ERROR][connector.py::perform_retry_callback(45)] [Connector ID: langgraph-agent-local] Attempt 1 failed due to error: Server error '500 Internal Server Error' for url 'http://localhost:8001/answer'
For more information check: https://developer.mozilla.org/en-US/docs/Web/HTTP/Status/500
2026-09-16 15:16:19,774 [ERROR][connector.py::perform_retry_callback(45)] [Connector ID: langgraph-agent-local] Attempt 2 failed due to error: Server error '500 Internal Server Error' for url 'http://localhost:8001/answer'
For more information check: https://developer.mozilla.org/en-US/docs/Web/HTTP/Status/500
2026-09-16 15:16:21,187 [ERROR][connector.py::perform_retry_callback(45)] [Connector ID: langgraph-agent-local] Attempt 3 failed due to error: Server error '500 Internal Server Error' for url 'http://localhost:8001/answer'
For more information check: https://developer.mozilla.org/en-US/docs/Web/HTTP/Status/500
2026-09-16 15:16:21,187 [ERROR][connector.py::get_prediction(384)] [Connector ID: langgraph-agent-local] Prompt Index 12604 failed to get prediction: Server error '500 Internal Server Error' for url 'http://localhost:8001/answer'
For more information check: https://developer.mozilla.org/en-US/docs/Web/HTTP/Status/500
2026-09-16 15:16:21,187 [ERROR][run_progress.py::notify_error(47)] [Benchmarking] Failed to generate prediction for prompt_info [conn_id: langgraph-agent-local, rec_id: mmlu, ds_id: mmlu-all, pt_id: mmlu, prompt_index: 12604] due to error: Server error '500 Internal Server Error' for url 'http://localhost:8001/answer'
For more information check: https://developer.mozilla.org/en-US/docs/Web/HTTP/Status/500
2026-09-16 15:16:21,426 [ERROR][connector.py::perform_retry_callback(45)] [Connector ID: langgraph-agent-local] Attempt 1 failed due to error: Server error '500 Internal Server Error' for url 'http://localhost:8001/answer'
For more information check: https://developer.mozilla.org/en-US/docs/Web/HTTP/Status/500
2026-09-16 15:16:22,536 [ERROR][connector.py::perform_retry_callback(45)] [Connector ID: langgraph-agent-local] Attempt 2 failed due to error: Server error '500 Internal Server Error' for url 'http://localhost:8001/answer'
For more information check: https://developer.mozilla.org/en-US/docs/Web/HTTP/Status/500
2026-09-16 15:16:24,263 [ERROR][connector.py::perform_retry_callback(45)] [Connector ID: langgraph-agent-local] Attempt 3 failed due to error: Server error '500 Internal Server Error' for url 'http://localhost:8001/answer'
For more information check: https://developer.mozilla.org/en-US/docs/Web/HTTP/Status/500
2026-09-16 15:16:24,263 [ERROR][connector.py::get_prediction(384)] [Connector ID: langgraph-agent-local] Prompt Index 12629 failed to get prediction: Server error '500 Internal Server Error' for url 'http://localhost:8001/answer'
For more information check: https://developer.mozilla.org/en-US/docs/Web/HTTP/Status/500
2026-09-16 15:16:24,263 [ERROR][run_progress.py::notify_error(47)] [Benchmarking] Failed to generate prediction for prompt_info [conn_id: langgraph-agent-local, rec_id: mmlu, ds_id: mmlu-all, pt_id: mmlu, prompt_index: 12629] due to error: Server error '500 Internal Server Error' for url 'http://localhost:8001/answer'
For more information check: https://developer.mozilla.org/en-US/docs/Web/HTTP/Status/500
2026-09-16 15:16:24,385 [ERROR][connector.py::perform_retry_callback(45)] [Connector ID: langgraph-agent-local] Attempt 1 failed due to error: Server error '500 Internal Server Error' for url 'http://localhost:8001/answer'
For more information check: https://developer.mozilla.org/en-US/docs/Web/HTTP/Status/500
2026-09-16 15:16:25,496 [ERROR][connector.py::perform_retry_callback(45)] [Connector ID: langgraph-agent-local] Attempt 2 failed due to error: Server error '500 Internal Server Error' for url 'http://localhost:8001/answer'
For more information check: https://developer.mozilla.org/en-US/docs/Web/HTTP/Status/500
2026-09-16 15:16:27,569 [ERROR][connector.py::perform_retry_callback(45)] [Connector ID: langgraph-agent-local] Attempt 3 failed due to error: Server error '500 Internal Server Error' for url 'http://localhost:8001/answer'
For more information check: https://developer.mozilla.org/en-US/docs/Web/HTTP/Status/500
2026-09-16 15:16:27,569 [ERROR][connector.py::get_prediction(384)] [Connector ID: langgraph-agent-local] Prompt Index 12888 failed to get prediction: Server error '500 Internal Server Error' for url 'http://localhost:8001/answer'
For more information check: https://developer.mozilla.org/en-US/docs/Web/HTTP/Status/500
2026-09-16 15:16:27,569 [ERROR][run_progress.py::notify_error(47)] [Benchmarking] Failed to generate prediction for prompt_info [conn_id: langgraph-agent-local, rec_id: mmlu, ds_id: mmlu-all, pt_id: mmlu, prompt_index: 12888] due to error: Server error '500 Internal Server Error' for url 'http://localhost:8001/answer'
For more information check: https://developer.mozilla.org/en-US/docs/Web/HTTP/Status/500
2026-09-16 15:16:27,570 [INFO][connector.py::get_prediction(356)] [Connector ID: langgraph-agent-local] Predicting Prompt Index 12947.
2026-09-16 15:16:27,577 [INFO][connector.py::get_prediction(356)] [Connector ID: langgraph-agent-local] Predicting Prompt Index 12999.
2026-09-16 15:16:27,577 [INFO][connector.py::get_prediction(356)] [Connector ID: langgraph-agent-local] Predicting Prompt Index 13147.
2026-09-16 15:16:27,577 [INFO][connector.py::get_prediction(356)] [Connector ID: langgraph-agent-local] Predicting Prompt Index 13270.
2026-09-16 15:16:27,577 [INFO][connector.py::get_prediction(356)] [Connector ID: langgraph-agent-local] Predicting Prompt Index 13273.
2026-09-16 15:16:27,577 [INFO][connector.py::get_prediction(356)] [Connector ID: langgraph-agent-local] Predicting Prompt Index 13323.
2026-09-16 15:16:27,577 [INFO][connector.py::get_prediction(356)] [Connector ID: langgraph-agent-local] Predicting Prompt Index 13340.
2026-09-16 15:16:27,577 [INFO][connector.py::get_prediction(356)] [Connector ID: langgraph-agent-local] Predicting Prompt Index 13388.
2026-09-16 15:16:27,577 [INFO][connector.py::get_prediction(356)] [Connector ID: langgraph-agent-local] Predicting Prompt Index 13495.
2026-09-16 15:16:27,577 [INFO][connector.py::get_prediction(356)] [Connector ID: langgraph-agent-local] Predicting Prompt Index 13523.
2026-09-16 15:16:27,676 [ERROR][connector.py::perform_retry_callback(45)] [Connector ID: langgraph-agent-local] Attempt 1 failed due to error: Server error '500 Internal Server Error' for url 'http://localhost:8001/answer'
For more information check: https://developer.mozilla.org/en-US/docs/Web/HTTP/Status/500
2026-09-16 15:16:28,768 [ERROR][connector.py::perform_retry_callback(45)] [Connector ID: langgraph-agent-local] Attempt 2 failed due to error: Server error '500 Internal Server Error' for url 'http://localhost:8001/answer'
For more information check: https://developer.mozilla.org/en-US/docs/Web/HTTP/Status/500
2026-09-16 15:16:30,236 [ERROR][connector.py::perform_retry_callback(45)] [Connector ID: langgraph-agent-local] Attempt 3 failed due to error: Server error '500 Internal Server Error' for url 'http://localhost:8001/answer'
For more information check: https://developer.mozilla.org/en-US/docs/Web/HTTP/Status/500
2026-09-16 15:16:30,236 [ERROR][connector.py::get_prediction(384)] [Connector ID: langgraph-agent-local] Prompt Index 12947 failed to get prediction: Server error '500 Internal Server Error' for url 'http://localhost:8001/answer'
For more information check: https://developer.mozilla.org/en-US/docs/Web/HTTP/Status/500
2026-09-16 15:16:30,236 [ERROR][run_progress.py::notify_error(47)] [Benchmarking] Failed to generate prediction for prompt_info [conn_id: langgraph-agent-local, rec_id: mmlu, ds_id: mmlu-all, pt_id: mmlu, prompt_index: 12947] due to error: Server error '500 Internal Server Error' for url 'http://localhost:8001/answer'
For more information check: https://developer.mozilla.org/en-US/docs/Web/HTTP/Status/500
2026-09-16 15:16:30,338 [ERROR][connector.py::perform_retry_callback(45)] [Connector ID: langgraph-agent-local] Attempt 1 failed due to error: Server error '500 Internal Server Error' for url 'http://localhost:8001/answer'
For more information check: https://developer.mozilla.org/en-US/docs/Web/HTTP/Status/500
2026-09-16 15:16:31,477 [ERROR][connector.py::perform_retry_callback(45)] [Connector ID: langgraph-agent-local] Attempt 2 failed due to error: Server error '500 Internal Server Error' for url 'http://localhost:8001/answer'
For more information check: https://developer.mozilla.org/en-US/docs/Web/HTTP/Status/500
2026-09-16 15:16:33,181 [ERROR][connector.py::perform_retry_callback(45)] [Connector ID: langgraph-agent-local] Attempt 3 failed due to error: Server error '500 Internal Server Error' for url 'http://localhost:8001/answer'
For more information check: https://developer.mozilla.org/en-US/docs/Web/HTTP/Status/500
2026-09-16 15:16:33,182 [ERROR][connector.py::get_prediction(384)] [Connector ID: langgraph-agent-local] Prompt Index 12999 failed to get prediction: Server error '500 Internal Server Error' for url 'http://localhost:8001/answer'
For more information check: https://developer.mozilla.org/en-US/docs/Web/HTTP/Status/500
2026-09-16 15:16:33,182 [ERROR][run_progress.py::notify_error(47)] [Benchmarking] Failed to generate prediction for prompt_info [conn_id: langgraph-agent-local, rec_id: mmlu, ds_id: mmlu-all, pt_id: mmlu, prompt_index: 12999] due to error: Server error '500 Internal Server Error' for url 'http://localhost:8001/answer'
For more information check: https://developer.mozilla.org/en-US/docs/Web/HTTP/Status/500
2026-09-16 15:16:33,273 [ERROR][connector.py::perform_retry_callback(45)] [Connector ID: langgraph-agent-local] Attempt 1 failed due to error: Server error '500 Internal Server Error' for url 'http://localhost:8001/answer'
For more information check: https://developer.mozilla.org/en-US/docs/Web/HTTP/Status/500
2026-09-16 15:16:34,396 [ERROR][connector.py::perform_retry_callback(45)] [Connector ID: langgraph-agent-local] Attempt 2 failed due to error: Server error '500 Internal Server Error' for url 'http://localhost:8001/answer'
For more information check: https://developer.mozilla.org/en-US/docs/Web/HTTP/Status/500
2026-09-16 15:16:36,496 [ERROR][connector.py::perform_retry_callback(45)] [Connector ID: langgraph-agent-local] Attempt 3 failed due to error: Server error '500 Internal Server Error' for url 'http://localhost:8001/answer'
For more information check: https://developer.mozilla.org/en-US/docs/Web/HTTP/Status/500
2026-09-16 15:16:36,497 [ERROR][connector.py::get_prediction(384)] [Connector ID: langgraph-agent-local] Prompt Index 13147 failed to get prediction: Server error '500 Internal Server Error' for url 'http://localhost:8001/answer'
For more information check: https://developer.mozilla.org/en-US/docs/Web/HTTP/Status/500
2026-09-16 15:16:36,497 [ERROR][run_progress.py::notify_error(47)] [Benchmarking] Failed to generate prediction for prompt_info [conn_id: langgraph-agent-local, rec_id: mmlu, ds_id: mmlu-all, pt_id: mmlu, prompt_index: 13147] due to error: Server error '500 Internal Server Error' for url 'http://localhost:8001/answer'
For more information check: https://developer.mozilla.org/en-US/docs/Web/HTTP/Status/500
2026-09-16 15:16:36,671 [ERROR][connector.py::perform_retry_callback(45)] [Connector ID: langgraph-agent-local] Attempt 1 failed due to error: Server error '500 Internal Server Error' for url 'http://localhost:8001/answer'
For more information check: https://developer.mozilla.org/en-US/docs/Web/HTTP/Status/500
2026-09-16 15:16:37,796 [ERROR][connector.py::perform_retry_callback(45)] [Connector ID: langgraph-agent-local] Attempt 2 failed due to error: Server error '500 Internal Server Error' for url 'http://localhost:8001/answer'
For more information check: https://developer.mozilla.org/en-US/docs/Web/HTTP/Status/500
2026-09-16 15:16:39,837 [ERROR][connector.py::perform_retry_callback(45)] [Connector ID: langgraph-agent-local] Attempt 3 failed due to error: Server error '500 Internal Server Error' for url 'http://localhost:8001/answer'
For more information check: https://developer.mozilla.org/en-US/docs/Web/HTTP/Status/500
2026-09-16 15:16:39,837 [ERROR][connector.py::get_prediction(384)] [Connector ID: langgraph-agent-local] Prompt Index 13270 failed to get prediction: Server error '500 Internal Server Error' for url 'http://localhost:8001/answer'
For more information check: https://developer.mozilla.org/en-US/docs/Web/HTTP/Status/500
2026-09-16 15:16:39,837 [ERROR][run_progress.py::notify_error(47)] [Benchmarking] Failed to generate prediction for prompt_info [conn_id: langgraph-agent-local, rec_id: mmlu, ds_id: mmlu-all, pt_id: mmlu, prompt_index: 13270] due to error: Server error '500 Internal Server Error' for url 'http://localhost:8001/answer'
For more information check: https://developer.mozilla.org/en-US/docs/Web/HTTP/Status/500
2026-09-16 15:16:39,929 [ERROR][connector.py::perform_retry_callback(45)] [Connector ID: langgraph-agent-local] Attempt 1 failed due to error: Server error '500 Internal Server Error' for url 'http://localhost:8001/answer'
For more information check: https://developer.mozilla.org/en-US/docs/Web/HTTP/Status/500
2026-09-16 15:16:41,063 [ERROR][connector.py::perform_retry_callback(45)] [Connector ID: langgraph-agent-local] Attempt 2 failed due to error: Server error '500 Internal Server Error' for url 'http://localhost:8001/answer'
For more information check: https://developer.mozilla.org/en-US/docs/Web/HTTP/Status/500
2026-09-16 15:16:42,314 [ERROR][connector.py::perform_retry_callback(45)] [Connector ID: langgraph-agent-local] Attempt 3 failed due to error: Server error '500 Internal Server Error' for url 'http://localhost:8001/answer'
For more information check: https://developer.mozilla.org/en-US/docs/Web/HTTP/Status/500
2026-09-16 15:16:42,315 [ERROR][connector.py::get_prediction(384)] [Connector ID: langgraph-agent-local] Prompt Index 13273 failed to get prediction: Server error '500 Internal Server Error' for url 'http://localhost:8001/answer'
For more information check: https://developer.mozilla.org/en-US/docs/Web/HTTP/Status/500
2026-09-16 15:16:42,315 [ERROR][run_progress.py::notify_error(47)] [Benchmarking] Failed to generate prediction for prompt_info [conn_id: langgraph-agent-local, rec_id: mmlu, ds_id: mmlu-all, pt_id: mmlu, prompt_index: 13273] due to error: Server error '500 Internal Server Error' for url 'http://localhost:8001/answer'
For more information check: https://developer.mozilla.org/en-US/docs/Web/HTTP/Status/500
2026-09-16 15:16:42,426 [ERROR][connector.py::perform_retry_callback(45)] [Connector ID: langgraph-agent-local] Attempt 1 failed due to error: Server error '500 Internal Server Error' for url 'http://localhost:8001/answer'
For more information check: https://developer.mozilla.org/en-US/docs/Web/HTTP/Status/500
2026-09-16 15:16:43,537 [ERROR][connector.py::perform_retry_callback(45)] [Connector ID: langgraph-agent-local] Attempt 2 failed due to error: Server error '500 Internal Server Error' for url 'http://localhost:8001/answer'
For more information check: https://developer.mozilla.org/en-US/docs/Web/HTTP/Status/500
2026-09-16 15:16:44,995 [ERROR][connector.py::perform_retry_callback(45)] [Connector ID: langgraph-agent-local] Attempt 3 failed due to error: Server error '500 Internal Server Error' for url 'http://localhost:8001/answer'
For more information check: https://developer.mozilla.org/en-US/docs/Web/HTTP/Status/500
2026-09-16 15:16:44,995 [ERROR][connector.py::get_prediction(384)] [Connector ID: langgraph-agent-local] Prompt Index 13323 failed to get prediction: Server error '500 Internal Server Error' for url 'http://localhost:8001/answer'
For more information check: https://developer.mozilla.org/en-US/docs/Web/HTTP/Status/500
2026-09-16 15:16:44,995 [ERROR][run_progress.py::notify_error(47)] [Benchmarking] Failed to generate prediction for prompt_info [conn_id: langgraph-agent-local, rec_id: mmlu, ds_id: mmlu-all, pt_id: mmlu, prompt_index: 13323] due to error: Server error '500 Internal Server Error' for url 'http://localhost:8001/answer'
For more information check: https://developer.mozilla.org/en-US/docs/Web/HTTP/Status/500
2026-09-16 15:16:45,080 [ERROR][connector.py::perform_retry_callback(45)] [Connector ID: langgraph-agent-local] Attempt 1 failed due to error: Server error '500 Internal Server Error' for url 'http://localhost:8001/answer'
For more information check: https://developer.mozilla.org/en-US/docs/Web/HTTP/Status/500
2026-09-16 15:16:46,185 [ERROR][connector.py::perform_retry_callback(45)] [Connector ID: langgraph-agent-local] Attempt 2 failed due to error: Server error '500 Internal Server Error' for url 'http://localhost:8001/answer'
For more information check: https://developer.mozilla.org/en-US/docs/Web/HTTP/Status/500
2026-09-16 15:16:47,880 [ERROR][connector.py::perform_retry_callback(45)] [Connector ID: langgraph-agent-local] Attempt 3 failed due to error: Server error '500 Internal Server Error' for url 'http://localhost:8001/answer'
For more information check: https://developer.mozilla.org/en-US/docs/Web/HTTP/Status/500
2026-09-16 15:16:47,880 [ERROR][connector.py::get_prediction(384)] [Connector ID: langgraph-agent-local] Prompt Index 13340 failed to get prediction: Server error '500 Internal Server Error' for url 'http://localhost:8001/answer'
For more information check: https://developer.mozilla.org/en-US/docs/Web/HTTP/Status/500
2026-09-16 15:16:47,880 [ERROR][run_progress.py::notify_error(47)] [Benchmarking] Failed to generate prediction for prompt_info [conn_id: langgraph-agent-local, rec_id: mmlu, ds_id: mmlu-all, pt_id: mmlu, prompt_index: 13340] due to error: Server error '500 Internal Server Error' for url 'http://localhost:8001/answer'
For more information check: https://developer.mozilla.org/en-US/docs/Web/HTTP/Status/500
2026-09-16 15:16:47,983 [ERROR][connector.py::perform_retry_callback(45)] [Connector ID: langgraph-agent-local] Attempt 1 failed due to error: Server error '500 Internal Server Error' for url 'http://localhost:8001/answer'
For more information check: https://developer.mozilla.org/en-US/docs/Web/HTTP/Status/500
2026-09-16 15:16:49,092 [ERROR][connector.py::perform_retry_callback(45)] [Connector ID: langgraph-agent-local] Attempt 2 failed due to error: Server error '500 Internal Server Error' for url 'http://localhost:8001/answer'
For more information check: https://developer.mozilla.org/en-US/docs/Web/HTTP/Status/500
2026-09-16 15:16:50,625 [ERROR][connector.py::perform_retry_callback(45)] [Connector ID: langgraph-agent-local] Attempt 3 failed due to error: Server error '500 Internal Server Error' for url 'http://localhost:8001/answer'
For more information check: https://developer.mozilla.org/en-US/docs/Web/HTTP/Status/500
2026-09-16 15:16:50,626 [ERROR][connector.py::get_prediction(384)] [Connector ID: langgraph-agent-local] Prompt Index 13388 failed to get prediction: Server error '500 Internal Server Error' for url 'http://localhost:8001/answer'
For more information check: https://developer.mozilla.org/en-US/docs/Web/HTTP/Status/500
2026-09-16 15:16:50,626 [ERROR][run_progress.py::notify_error(47)] [Benchmarking] Failed to generate prediction for prompt_info [conn_id: langgraph-agent-local, rec_id: mmlu, ds_id: mmlu-all, pt_id: mmlu, prompt_index: 13388] due to error: Server error '500 Internal Server Error' for url 'http://localhost:8001/answer'
For more information check: https://developer.mozilla.org/en-US/docs/Web/HTTP/Status/500
2026-09-16 15:16:50,710 [ERROR][connector.py::perform_retry_callback(45)] [Connector ID: langgraph-agent-local] Attempt 1 failed due to error: Server error '500 Internal Server Error' for url 'http://localhost:8001/answer'
For more information check: https://developer.mozilla.org/en-US/docs/Web/HTTP/Status/500
2026-09-16 15:16:51,836 [ERROR][connector.py::perform_retry_callback(45)] [Connector ID: langgraph-agent-local] Attempt 2 failed due to error: Server error '500 Internal Server Error' for url 'http://localhost:8001/answer'
For more information check: https://developer.mozilla.org/en-US/docs/Web/HTTP/Status/500
2026-09-16 15:16:53,357 [ERROR][connector.py::perform_retry_callback(45)] [Connector ID: langgraph-agent-local] Attempt 3 failed due to error: Server error '500 Internal Server Error' for url 'http://localhost:8001/answer'
For more information check: https://developer.mozilla.org/en-US/docs/Web/HTTP/Status/500
2026-09-16 15:16:53,357 [ERROR][connector.py::get_prediction(384)] [Connector ID: langgraph-agent-local] Prompt Index 13495 failed to get prediction: Server error '500 Internal Server Error' for url 'http://localhost:8001/answer'
For more information check: https://developer.mozilla.org/en-US/docs/Web/HTTP/Status/500
2026-09-16 15:16:53,357 [ERROR][run_progress.py::notify_error(47)] [Benchmarking] Failed to generate prediction for prompt_info [conn_id: langgraph-agent-local, rec_id: mmlu, ds_id: mmlu-all, pt_id: mmlu, prompt_index: 13495] due to error: Server error '500 Internal Server Error' for url 'http://localhost:8001/answer'
For more information check: https://developer.mozilla.org/en-US/docs/Web/HTTP/Status/500
2026-09-16 15:16:53,497 [ERROR][connector.py::perform_retry_callback(45)] [Connector ID: langgraph-agent-local] Attempt 1 failed due to error: Server error '500 Internal Server Error' for url 'http://localhost:8001/answer'
For more information check: https://developer.mozilla.org/en-US/docs/Web/HTTP/Status/500
2026-09-16 15:16:54,608 [ERROR][connector.py::perform_retry_callback(45)] [Connector ID: langgraph-agent-local] Attempt 2 failed due to error: Server error '500 Internal Server Error' for url 'http://localhost:8001/answer'
For more information check: https://developer.mozilla.org/en-US/docs/Web/HTTP/Status/500
2026-09-16 15:16:56,303 [ERROR][connector.py::perform_retry_callback(45)] [Connector ID: langgraph-agent-local] Attempt 3 failed due to error: Server error '500 Internal Server Error' for url 'http://localhost:8001/answer'
For more information check: https://developer.mozilla.org/en-US/docs/Web/HTTP/Status/500
2026-09-16 15:16:56,303 [ERROR][connector.py::get_prediction(384)] [Connector ID: langgraph-agent-local] Prompt Index 13523 failed to get prediction: Server error '500 Internal Server Error' for url 'http://localhost:8001/answer'
For more information check: https://developer.mozilla.org/en-US/docs/Web/HTTP/Status/500
2026-09-16 15:16:56,303 [ERROR][run_progress.py::notify_error(47)] [Benchmarking] Failed to generate prediction for prompt_info [conn_id: langgraph-agent-local, rec_id: mmlu, ds_id: mmlu-all, pt_id: mmlu, prompt_index: 13523] due to error: Server error '500 Internal Server Error' for url 'http://localhost:8001/answer'
For more information check: https://developer.mozilla.org/en-US/docs/Web/HTTP/Status/500
2026-09-16 15:16:56,305 [INFO][connector.py::get_prediction(356)] [Connector ID: langgraph-agent-local] Predicting Prompt Index 13660.
2026-09-16 15:16:56,318 [INFO][connector.py::get_prediction(356)] [Connector ID: langgraph-agent-local] Predicting Prompt Index 13661.
2026-09-16 15:16:56,348 [INFO][connector.py::get_prediction(356)] [Connector ID: langgraph-agent-local] Predicting Prompt Index 13801.
2026-09-16 15:16:56,350 [INFO][connector.py::get_prediction(356)] [Connector ID: langgraph-agent-local] Predicting Prompt Index 14069.
2026-09-16 15:16:56,351 [INFO][connector.py::get_prediction(356)] [Connector ID: langgraph-agent-local] Predicting Prompt Index 14279.
2026-09-16 15:16:56,351 [INFO][connector.py::get_prediction(356)] [Connector ID: langgraph-agent-local] Predicting Prompt Index 14293.
2026-09-16 15:16:56,351 [INFO][connector.py::get_prediction(356)] [Connector ID: langgraph-agent-local] Predicting Prompt Index 14326.
2026-09-16 15:16:56,351 [INFO][connector.py::get_prediction(356)] [Connector ID: langgraph-agent-local] Predicting Prompt Index 14350.
2026-09-16 15:16:56,351 [INFO][connector.py::get_prediction(356)] [Connector ID: langgraph-agent-local] Predicting Prompt Index 14398.
2026-09-16 15:16:56,351 [INFO][connector.py::get_prediction(356)] [Connector ID: langgraph-agent-local] Predicting Prompt Index 14440.
2026-09-16 15:16:56,452 [ERROR][connector.py::perform_retry_callback(45)] [Connector ID: langgraph-agent-local] Attempt 1 failed due to error: Server error '500 Internal Server Error' for url 'http://localhost:8001/answer'
For more information check: https://developer.mozilla.org/en-US/docs/Web/HTTP/Status/500
2026-09-16 15:16:57,557 [ERROR][connector.py::perform_retry_callback(45)] [Connector ID: langgraph-agent-local] Attempt 2 failed due to error: Server error '500 Internal Server Error' for url 'http://localhost:8001/answer'
For more information check: https://developer.mozilla.org/en-US/docs/Web/HTTP/Status/500
2026-09-16 15:16:59,313 [ERROR][connector.py::perform_retry_callback(45)] [Connector ID: langgraph-agent-local] Attempt 3 failed due to error: Server error '500 Internal Server Error' for url 'http://localhost:8001/answer'
For more information check: https://developer.mozilla.org/en-US/docs/Web/HTTP/Status/500
2026-09-16 15:16:59,313 [ERROR][connector.py::get_prediction(384)] [Connector ID: langgraph-agent-local] Prompt Index 13660 failed to get prediction: Server error '500 Internal Server Error' for url 'http://localhost:8001/answer'
For more information check: https://developer.mozilla.org/en-US/docs/Web/HTTP/Status/500
2026-09-16 15:16:59,313 [ERROR][run_progress.py::notify_error(47)] [Benchmarking] Failed to generate prediction for prompt_info [conn_id: langgraph-agent-local, rec_id: mmlu, ds_id: mmlu-all, pt_id: mmlu, prompt_index: 13660] due to error: Server error '500 Internal Server Error' for url 'http://localhost:8001/answer'
For more information check: https://developer.mozilla.org/en-US/docs/Web/HTTP/Status/500
2026-09-16 15:16:59,415 [ERROR][connector.py::perform_retry_callback(45)] [Connector ID: langgraph-agent-local] Attempt 1 failed due to error: Server error '500 Internal Server Error' for url 'http://localhost:8001/answer'
For more information check: https://developer.mozilla.org/en-US/docs/Web/HTTP/Status/500
2026-09-16 15:17:00,547 [ERROR][connector.py::perform_retry_callback(45)] [Connector ID: langgraph-agent-local] Attempt 2 failed due to error: Server error '500 Internal Server Error' for url 'http://localhost:8001/answer'
For more information check: https://developer.mozilla.org/en-US/docs/Web/HTTP/Status/500
2026-09-16 15:17:01,919 [ERROR][connector.py::perform_retry_callback(45)] [Connector ID: langgraph-agent-local] Attempt 3 failed due to error: Server error '500 Internal Server Error' for url 'http://localhost:8001/answer'
For more information check: https://developer.mozilla.org/en-US/docs/Web/HTTP/Status/500
2026-09-16 15:17:01,920 [ERROR][connector.py::get_prediction(384)] [Connector ID: langgraph-agent-local] Prompt Index 13661 failed to get prediction: Server error '500 Internal Server Error' for url 'http://localhost:8001/answer'
For more information check: https://developer.mozilla.org/en-US/docs/Web/HTTP/Status/500
2026-09-16 15:17:01,920 [ERROR][run_progress.py::notify_error(47)] [Benchmarking] Failed to generate prediction for prompt_info [conn_id: langgraph-agent-local, rec_id: mmlu, ds_id: mmlu-all, pt_id: mmlu, prompt_index: 13661] due to error: Server error '500 Internal Server Error' for url 'http://localhost:8001/answer'
For more information check: https://developer.mozilla.org/en-US/docs/Web/HTTP/Status/500
2026-09-16 15:17:02,021 [ERROR][connector.py::perform_retry_callback(45)] [Connector ID: langgraph-agent-local] Attempt 1 failed due to error: Server error '500 Internal Server Error' for url 'http://localhost:8001/answer'
For more information check: https://developer.mozilla.org/en-US/docs/Web/HTTP/Status/500
2026-09-16 15:17:03,147 [ERROR][connector.py::perform_retry_callback(45)] [Connector ID: langgraph-agent-local] Attempt 2 failed due to error: Server error '500 Internal Server Error' for url 'http://localhost:8001/answer'
For more information check: https://developer.mozilla.org/en-US/docs/Web/HTTP/Status/500
2026-09-16 15:17:04,629 [ERROR][connector.py::perform_retry_callback(45)] [Connector ID: langgraph-agent-local] Attempt 3 failed due to error: Server error '500 Internal Server Error' for url 'http://localhost:8001/answer'
For more information check: https://developer.mozilla.org/en-US/docs/Web/HTTP/Status/500
2026-09-16 15:17:04,629 [ERROR][connector.py::get_prediction(384)] [Connector ID: langgraph-agent-local] Prompt Index 13801 failed to get prediction: Server error '500 Internal Server Error' for url 'http://localhost:8001/answer'
For more information check: https://developer.mozilla.org/en-US/docs/Web/HTTP/Status/500
2026-09-16 15:17:04,629 [ERROR][run_progress.py::notify_error(47)] [Benchmarking] Failed to generate prediction for prompt_info [conn_id: langgraph-agent-local, rec_id: mmlu, ds_id: mmlu-all, pt_id: mmlu, prompt_index: 13801] due to error: Server error '500 Internal Server Error' for url 'http://localhost:8001/answer'
For more information check: https://developer.mozilla.org/en-US/docs/Web/HTTP/Status/500
2026-09-16 15:17:04,752 [ERROR][connector.py::perform_retry_callback(45)] [Connector ID: langgraph-agent-local] Attempt 1 failed due to error: Server error '500 Internal Server Error' for url 'http://localhost:8001/answer'
For more information check: https://developer.mozilla.org/en-US/docs/Web/HTTP/Status/500
2026-09-16 15:17:05,856 [ERROR][connector.py::perform_retry_callback(45)] [Connector ID: langgraph-agent-local] Attempt 2 failed due to error: Server error '500 Internal Server Error' for url 'http://localhost:8001/answer'
For more information check: https://developer.mozilla.org/en-US/docs/Web/HTTP/Status/500
2026-09-16 15:17:07,730 [ERROR][connector.py::perform_retry_callback(45)] [Connector ID: langgraph-agent-local] Attempt 3 failed due to error: Server error '500 Internal Server Error' for url 'http://localhost:8001/answer'
For more information check: https://developer.mozilla.org/en-US/docs/Web/HTTP/Status/500
2026-09-16 15:17:07,730 [ERROR][connector.py::get_prediction(384)] [Connector ID: langgraph-agent-local] Prompt Index 14069 failed to get prediction: Server error '500 Internal Server Error' for url 'http://localhost:8001/answer'
For more information check: https://developer.mozilla.org/en-US/docs/Web/HTTP/Status/500
2026-09-16 15:17:07,730 [ERROR][run_progress.py::notify_error(47)] [Benchmarking] Failed to generate prediction for prompt_info [conn_id: langgraph-agent-local, rec_id: mmlu, ds_id: mmlu-all, pt_id: mmlu, prompt_index: 14069] due to error: Server error '500 Internal Server Error' for url 'http://localhost:8001/answer'
For more information check: https://developer.mozilla.org/en-US/docs/Web/HTTP/Status/500
2026-09-16 15:17:07,818 [ERROR][connector.py::perform_retry_callback(45)] [Connector ID: langgraph-agent-local] Attempt 1 failed due to error: Server error '500 Internal Server Error' for url 'http://localhost:8001/answer'
For more information check: https://developer.mozilla.org/en-US/docs/Web/HTTP/Status/500
2026-09-16 15:17:08,920 [ERROR][connector.py::perform_retry_callback(45)] [Connector ID: langgraph-agent-local] Attempt 2 failed due to error: Server error '500 Internal Server Error' for url 'http://localhost:8001/answer'
For more information check: https://developer.mozilla.org/en-US/docs/Web/HTTP/Status/500
2026-09-16 15:17:10,772 [ERROR][connector.py::perform_retry_callback(45)] [Connector ID: langgraph-agent-local] Attempt 3 failed due to error: Server error '500 Internal Server Error' for url 'http://localhost:8001/answer'
For more information check: https://developer.mozilla.org/en-US/docs/Web/HTTP/Status/500
2026-09-16 15:17:10,772 [ERROR][connector.py::get_prediction(384)] [Connector ID: langgraph-agent-local] Prompt Index 14279 failed to get prediction: Server error '500 Internal Server Error' for url 'http://localhost:8001/answer'
For more information check: https://developer.mozilla.org/en-US/docs/Web/HTTP/Status/500
2026-09-16 15:17:10,772 [ERROR][run_progress.py::notify_error(47)] [Benchmarking] Failed to generate prediction for prompt_info [conn_id: langgraph-agent-local, rec_id: mmlu, ds_id: mmlu-all, pt_id: mmlu, prompt_index: 14279] due to error: Server error '500 Internal Server Error' for url 'http://localhost:8001/answer'
For more information check: https://developer.mozilla.org/en-US/docs/Web/HTTP/Status/500
2026-09-16 15:17:10,890 [ERROR][connector.py::perform_retry_callback(45)] [Connector ID: langgraph-agent-local] Attempt 1 failed due to error: Server error '500 Internal Server Error' for url 'http://localhost:8001/answer'
For more information check: https://developer.mozilla.org/en-US/docs/Web/HTTP/Status/500
2026-09-16 15:17:11,990 [ERROR][connector.py::perform_retry_callback(45)] [Connector ID: langgraph-agent-local] Attempt 2 failed due to error: Server error '500 Internal Server Error' for url 'http://localhost:8001/answer'
For more information check: https://developer.mozilla.org/en-US/docs/Web/HTTP/Status/500
2026-09-16 15:17:13,611 [ERROR][connector.py::perform_retry_callback(45)] [Connector ID: langgraph-agent-local] Attempt 3 failed due to error: Server error '500 Internal Server Error' for url 'http://localhost:8001/answer'
For more information check: https://developer.mozilla.org/en-US/docs/Web/HTTP/Status/500
2026-09-16 15:17:13,611 [ERROR][connector.py::get_prediction(384)] [Connector ID: langgraph-agent-local] Prompt Index 14293 failed to get prediction: Server error '500 Internal Server Error' for url 'http://localhost:8001/answer'
For more information check: https://developer.mozilla.org/en-US/docs/Web/HTTP/Status/500
2026-09-16 15:17:13,611 [ERROR][run_progress.py::notify_error(47)] [Benchmarking] Failed to generate prediction for prompt_info [conn_id: langgraph-agent-local, rec_id: mmlu, ds_id: mmlu-all, pt_id: mmlu, prompt_index: 14293] due to error: Server error '500 Internal Server Error' for url 'http://localhost:8001/answer'
For more information check: https://developer.mozilla.org/en-US/docs/Web/HTTP/Status/500
2026-09-16 15:17:13,755 [ERROR][connector.py::perform_retry_callback(45)] [Connector ID: langgraph-agent-local] Attempt 1 failed due to error: Server error '500 Internal Server Error' for url 'http://localhost:8001/answer'
For more information check: https://developer.mozilla.org/en-US/docs/Web/HTTP/Status/500
2026-09-16 15:17:14,854 [ERROR][connector.py::perform_retry_callback(45)] [Connector ID: langgraph-agent-local] Attempt 2 failed due to error: Server error '500 Internal Server Error' for url 'http://localhost:8001/answer'
For more information check: https://developer.mozilla.org/en-US/docs/Web/HTTP/Status/500
2026-09-16 15:17:16,489 [ERROR][connector.py::perform_retry_callback(45)] [Connector ID: langgraph-agent-local] Attempt 3 failed due to error: Server error '500 Internal Server Error' for url 'http://localhost:8001/answer'
For more information check: https://developer.mozilla.org/en-US/docs/Web/HTTP/Status/500
2026-09-16 15:17:16,489 [ERROR][connector.py::get_prediction(384)] [Connector ID: langgraph-agent-local] Prompt Index 14326 failed to get prediction: Server error '500 Internal Server Error' for url 'http://localhost:8001/answer'
For more information check: https://developer.mozilla.org/en-US/docs/Web/HTTP/Status/500
2026-09-16 15:17:16,489 [ERROR][run_progress.py::notify_error(47)] [Benchmarking] Failed to generate prediction for prompt_info [conn_id: langgraph-agent-local, rec_id: mmlu, ds_id: mmlu-all, pt_id: mmlu, prompt_index: 14326] due to error: Server error '500 Internal Server Error' for url 'http://localhost:8001/answer'
For more information check: https://developer.mozilla.org/en-US/docs/Web/HTTP/Status/500
2026-09-16 15:17:16,578 [ERROR][connector.py::perform_retry_callback(45)] [Connector ID: langgraph-agent-local] Attempt 1 failed due to error: Server error '500 Internal Server Error' for url 'http://localhost:8001/answer'
For more information check: https://developer.mozilla.org/en-US/docs/Web/HTTP/Status/500
2026-09-16 15:17:17,692 [ERROR][connector.py::perform_retry_callback(45)] [Connector ID: langgraph-agent-local] Attempt 2 failed due to error: Server error '500 Internal Server Error' for url 'http://localhost:8001/answer'
For more information check: https://developer.mozilla.org/en-US/docs/Web/HTTP/Status/500
2026-09-16 15:17:19,686 [ERROR][connector.py::perform_retry_callback(45)] [Connector ID: langgraph-agent-local] Attempt 3 failed due to error: Server error '500 Internal Server Error' for url 'http://localhost:8001/answer'
For more information check: https://developer.mozilla.org/en-US/docs/Web/HTTP/Status/500
2026-09-16 15:17:19,686 [ERROR][connector.py::get_prediction(384)] [Connector ID: langgraph-agent-local] Prompt Index 14350 failed to get prediction: Server error '500 Internal Server Error' for url 'http://localhost:8001/answer'
For more information check: https://developer.mozilla.org/en-US/docs/Web/HTTP/Status/500
2026-09-16 15:17:19,686 [ERROR][run_progress.py::notify_error(47)] [Benchmarking] Failed to generate prediction for prompt_info [conn_id: langgraph-agent-local, rec_id: mmlu, ds_id: mmlu-all, pt_id: mmlu, prompt_index: 14350] due to error: Server error '500 Internal Server Error' for url 'http://localhost:8001/answer'
For more information check: https://developer.mozilla.org/en-US/docs/Web/HTTP/Status/500
2026-09-16 15:17:19,831 [ERROR][connector.py::perform_retry_callback(45)] [Connector ID: langgraph-agent-local] Attempt 1 failed due to error: Server error '500 Internal Server Error' for url 'http://localhost:8001/answer'
For more information check: https://developer.mozilla.org/en-US/docs/Web/HTTP/Status/500
2026-09-16 15:17:20,950 [ERROR][connector.py::perform_retry_callback(45)] [Connector ID: langgraph-agent-local] Attempt 2 failed due to error: Server error '500 Internal Server Error' for url 'http://localhost:8001/answer'
For more information check: https://developer.mozilla.org/en-US/docs/Web/HTTP/Status/500
2026-09-16 15:17:23,053 [ERROR][connector.py::perform_retry_callback(45)] [Connector ID: langgraph-agent-local] Attempt 3 failed due to error: Server error '500 Internal Server Error' for url 'http://localhost:8001/answer'
For more information check: https://developer.mozilla.org/en-US/docs/Web/HTTP/Status/500
2026-09-16 15:17:23,053 [ERROR][connector.py::get_prediction(384)] [Connector ID: langgraph-agent-local] Prompt Index 14398 failed to get prediction: Server error '500 Internal Server Error' for url 'http://localhost:8001/answer'
For more information check: https://developer.mozilla.org/en-US/docs/Web/HTTP/Status/500
2026-09-16 15:17:23,053 [ERROR][run_progress.py::notify_error(47)] [Benchmarking] Failed to generate prediction for prompt_info [conn_id: langgraph-agent-local, rec_id: mmlu, ds_id: mmlu-all, pt_id: mmlu, prompt_index: 14398] due to error: Server error '500 Internal Server Error' for url 'http://localhost:8001/answer'
For more information check: https://developer.mozilla.org/en-US/docs/Web/HTTP/Status/500
2026-09-16 15:17:23,150 [ERROR][connector.py::perform_retry_callback(45)] [Connector ID: langgraph-agent-local] Attempt 1 failed due to error: Server error '500 Internal Server Error' for url 'http://localhost:8001/answer'
For more information check: https://developer.mozilla.org/en-US/docs/Web/HTTP/Status/500
2026-09-16 15:17:24,267 [ERROR][connector.py::perform_retry_callback(45)] [Connector ID: langgraph-agent-local] Attempt 2 failed due to error: Server error '500 Internal Server Error' for url 'http://localhost:8001/answer'
For more information check: https://developer.mozilla.org/en-US/docs/Web/HTTP/Status/500
2026-09-16 15:17:26,327 [ERROR][connector.py::perform_retry_callback(45)] [Connector ID: langgraph-agent-local] Attempt 3 failed due to error: Server error '500 Internal Server Error' for url 'http://localhost:8001/answer'
For more information check: https://developer.mozilla.org/en-US/docs/Web/HTTP/Status/500
2026-09-16 15:17:26,327 [ERROR][connector.py::get_prediction(384)] [Connector ID: langgraph-agent-local] Prompt Index 14440 failed to get prediction: Server error '500 Internal Server Error' for url 'http://localhost:8001/answer'
For more information check: https://developer.mozilla.org/en-US/docs/Web/HTTP/Status/500
2026-09-16 15:17:26,327 [ERROR][run_progress.py::notify_error(47)] [Benchmarking] Failed to generate prediction for prompt_info [conn_id: langgraph-agent-local, rec_id: mmlu, ds_id: mmlu-all, pt_id: mmlu, prompt_index: 14440] due to error: Server error '500 Internal Server Error' for url 'http://localhost:8001/answer'
For more information check: https://developer.mozilla.org/en-US/docs/Web/HTTP/Status/500
2026-09-16 15:17:26,328 [INFO][connector.py::get_prediction(356)] [Connector ID: langgraph-agent-local] Predicting Prompt Index 14646.
2026-09-16 15:17:26,335 [INFO][connector.py::get_prediction(356)] [Connector ID: langgraph-agent-local] Predicting Prompt Index 14668.
2026-09-16 15:17:26,335 [INFO][connector.py::get_prediction(356)] [Connector ID: langgraph-agent-local] Predicting Prompt Index 14815.
2026-09-16 15:17:26,335 [INFO][connector.py::get_prediction(356)] [Connector ID: langgraph-agent-local] Predicting Prompt Index 14854.
2026-09-16 15:17:26,335 [INFO][connector.py::get_prediction(356)] [Connector ID: langgraph-agent-local] Predicting Prompt Index 15003.
2026-09-16 15:17:26,335 [INFO][connector.py::get_prediction(356)] [Connector ID: langgraph-agent-local] Predicting Prompt Index 15091.
2026-09-16 15:17:26,335 [INFO][connector.py::get_prediction(356)] [Connector ID: langgraph-agent-local] Predicting Prompt Index 15126.
2026-09-16 15:17:26,335 [INFO][connector.py::get_prediction(356)] [Connector ID: langgraph-agent-local] Predicting Prompt Index 15349.
2026-09-16 15:17:26,335 [INFO][connector.py::get_prediction(356)] [Connector ID: langgraph-agent-local] Predicting Prompt Index 15352.
2026-09-16 15:17:26,335 [INFO][connector.py::get_prediction(356)] [Connector ID: langgraph-agent-local] Predicting Prompt Index 15533.
2026-09-16 15:17:26,444 [ERROR][connector.py::perform_retry_callback(45)] [Connector ID: langgraph-agent-local] Attempt 1 failed due to error: Server error '500 Internal Server Error' for url 'http://localhost:8001/answer'
For more information check: https://developer.mozilla.org/en-US/docs/Web/HTTP/Status/500
2026-09-16 15:17:27,562 [ERROR][connector.py::perform_retry_callback(45)] [Connector ID: langgraph-agent-local] Attempt 2 failed due to error: Server error '500 Internal Server Error' for url 'http://localhost:8001/answer'
For more information check: https://developer.mozilla.org/en-US/docs/Web/HTTP/Status/500
2026-09-16 15:17:28,786 [ERROR][connector.py::perform_retry_callback(45)] [Connector ID: langgraph-agent-local] Attempt 3 failed due to error: Server error '500 Internal Server Error' for url 'http://localhost:8001/answer'
For more information check: https://developer.mozilla.org/en-US/docs/Web/HTTP/Status/500
2026-09-16 15:17:28,787 [ERROR][connector.py::get_prediction(384)] [Connector ID: langgraph-agent-local] Prompt Index 14646 failed to get prediction: Server error '500 Internal Server Error' for url 'http://localhost:8001/answer'
For more information check: https://developer.mozilla.org/en-US/docs/Web/HTTP/Status/500
2026-09-16 15:17:28,787 [ERROR][run_progress.py::notify_error(47)] [Benchmarking] Failed to generate prediction for prompt_info [conn_id: langgraph-agent-local, rec_id: mmlu, ds_id: mmlu-all, pt_id: mmlu, prompt_index: 14646] due to error: Server error '500 Internal Server Error' for url 'http://localhost:8001/answer'
For more information check: https://developer.mozilla.org/en-US/docs/Web/HTTP/Status/500
2026-09-16 15:17:28,875 [ERROR][connector.py::perform_retry_callback(45)] [Connector ID: langgraph-agent-local] Attempt 1 failed due to error: Server error '500 Internal Server Error' for url 'http://localhost:8001/answer'
For more information check: https://developer.mozilla.org/en-US/docs/Web/HTTP/Status/500
2026-09-16 15:17:29,965 [ERROR][connector.py::perform_retry_callback(45)] [Connector ID: langgraph-agent-local] Attempt 2 failed due to error: Server error '500 Internal Server Error' for url 'http://localhost:8001/answer'
For more information check: https://developer.mozilla.org/en-US/docs/Web/HTTP/Status/500
2026-09-16 15:17:31,110 [ERROR][connector.py::perform_retry_callback(45)] [Connector ID: langgraph-agent-local] Attempt 3 failed due to error: Server error '500 Internal Server Error' for url 'http://localhost:8001/answer'
For more information check: https://developer.mozilla.org/en-US/docs/Web/HTTP/Status/500
2026-09-16 15:17:31,110 [ERROR][connector.py::get_prediction(384)] [Connector ID: langgraph-agent-local] Prompt Index 14668 failed to get prediction: Server error '500 Internal Server Error' for url 'http://localhost:8001/answer'
For more information check: https://developer.mozilla.org/en-US/docs/Web/HTTP/Status/500
2026-09-16 15:17:31,110 [ERROR][run_progress.py::notify_error(47)] [Benchmarking] Failed to generate prediction for prompt_info [conn_id: langgraph-agent-local, rec_id: mmlu, ds_id: mmlu-all, pt_id: mmlu, prompt_index: 14668] due to error: Server error '500 Internal Server Error' for url 'http://localhost:8001/answer'
For more information check: https://developer.mozilla.org/en-US/docs/Web/HTTP/Status/500
2026-09-16 15:17:31,229 [ERROR][connector.py::perform_retry_callback(45)] [Connector ID: langgraph-agent-local] Attempt 1 failed due to error: Server error '500 Internal Server Error' for url 'http://localhost:8001/answer'
For more information check: https://developer.mozilla.org/en-US/docs/Web/HTTP/Status/500
2026-09-16 15:17:32,347 [ERROR][connector.py::perform_retry_callback(45)] [Connector ID: langgraph-agent-local] Attempt 2 failed due to error: Server error '500 Internal Server Error' for url 'http://localhost:8001/answer'
For more information check: https://developer.mozilla.org/en-US/docs/Web/HTTP/Status/500
2026-09-16 15:17:34,466 [ERROR][connector.py::perform_retry_callback(45)] [Connector ID: langgraph-agent-local] Attempt 3 failed due to error: Server error '500 Internal Server Error' for url 'http://localhost:8001/answer'
For more information check: https://developer.mozilla.org/en-US/docs/Web/HTTP/Status/500
2026-09-16 15:17:34,466 [ERROR][connector.py::get_prediction(384)] [Connector ID: langgraph-agent-local] Prompt Index 14815 failed to get prediction: Server error '500 Internal Server Error' for url 'http://localhost:8001/answer'
For more information check: https://developer.mozilla.org/en-US/docs/Web/HTTP/Status/500
2026-09-16 15:17:34,466 [ERROR][run_progress.py::notify_error(47)] [Benchmarking] Failed to generate prediction for prompt_info [conn_id: langgraph-agent-local, rec_id: mmlu, ds_id: mmlu-all, pt_id: mmlu, prompt_index: 14815] due to error: Server error '500 Internal Server Error' for url 'http://localhost:8001/answer'
For more information check: https://developer.mozilla.org/en-US/docs/Web/HTTP/Status/500
2026-09-16 15:17:34,551 [ERROR][connector.py::perform_retry_callback(45)] [Connector ID: langgraph-agent-local] Attempt 1 failed due to error: Server error '500 Internal Server Error' for url 'http://localhost:8001/answer'
For more information check: https://developer.mozilla.org/en-US/docs/Web/HTTP/Status/500
2026-09-16 15:17:35,654 [ERROR][connector.py::perform_retry_callback(45)] [Connector ID: langgraph-agent-local] Attempt 2 failed due to error: Server error '500 Internal Server Error' for url 'http://localhost:8001/answer'
For more information check: https://developer.mozilla.org/en-US/docs/Web/HTTP/Status/500
2026-09-16 15:17:36,811 [ERROR][connector.py::perform_retry_callback(45)] [Connector ID: langgraph-agent-local] Attempt 3 failed due to error: Server error '500 Internal Server Error' for url 'http://localhost:8001/answer'
For more information check: https://developer.mozilla.org/en-US/docs/Web/HTTP/Status/500
2026-09-16 15:17:36,812 [ERROR][connector.py::get_prediction(384)] [Connector ID: langgraph-agent-local] Prompt Index 14854 failed to get prediction: Server error '500 Internal Server Error' for url 'http://localhost:8001/answer'
For more information check: https://developer.mozilla.org/en-US/docs/Web/HTTP/Status/500
2026-09-16 15:17:36,812 [ERROR][run_progress.py::notify_error(47)] [Benchmarking] Failed to generate prediction for prompt_info [conn_id: langgraph-agent-local, rec_id: mmlu, ds_id: mmlu-all, pt_id: mmlu, prompt_index: 14854] due to error: Server error '500 Internal Server Error' for url 'http://localhost:8001/answer'
For more information check: https://developer.mozilla.org/en-US/docs/Web/HTTP/Status/500
2026-09-16 15:17:36,896 [ERROR][connector.py::perform_retry_callback(45)] [Connector ID: langgraph-agent-local] Attempt 1 failed due to error: Server error '500 Internal Server Error' for url 'http://localhost:8001/answer'
For more information check: https://developer.mozilla.org/en-US/docs/Web/HTTP/Status/500
2026-09-16 15:17:38,007 [ERROR][connector.py::perform_retry_callback(45)] [Connector ID: langgraph-agent-local] Attempt 2 failed due to error: Server error '500 Internal Server Error' for url 'http://localhost:8001/answer'
For more information check: https://developer.mozilla.org/en-US/docs/Web/HTTP/Status/500
2026-09-16 15:17:39,985 [ERROR][connector.py::perform_retry_callback(45)] [Connector ID: langgraph-agent-local] Attempt 3 failed due to error: Server error '500 Internal Server Error' for url 'http://localhost:8001/answer'
For more information check: https://developer.mozilla.org/en-US/docs/Web/HTTP/Status/500
2026-09-16 15:17:39,985 [ERROR][connector.py::get_prediction(384)] [Connector ID: langgraph-agent-local] Prompt Index 15003 failed to get prediction: Server error '500 Internal Server Error' for url 'http://localhost:8001/answer'
For more information check: https://developer.mozilla.org/en-US/docs/Web/HTTP/Status/500
2026-09-16 15:17:39,985 [ERROR][run_progress.py::notify_error(47)] [Benchmarking] Failed to generate prediction for prompt_info [conn_id: langgraph-agent-local, rec_id: mmlu, ds_id: mmlu-all, pt_id: mmlu, prompt_index: 15003] due to error: Server error '500 Internal Server Error' for url 'http://localhost:8001/answer'
For more information check: https://developer.mozilla.org/en-US/docs/Web/HTTP/Status/500
2026-09-16 15:17:40,121 [ERROR][connector.py::perform_retry_callback(45)] [Connector ID: langgraph-agent-local] Attempt 1 failed due to error: Server error '500 Internal Server Error' for url 'http://localhost:8001/answer'
For more information check: https://developer.mozilla.org/en-US/docs/Web/HTTP/Status/500
2026-09-16 15:17:41,231 [ERROR][connector.py::perform_retry_callback(45)] [Connector ID: langgraph-agent-local] Attempt 2 failed due to error: Server error '500 Internal Server Error' for url 'http://localhost:8001/answer'
For more information check: https://developer.mozilla.org/en-US/docs/Web/HTTP/Status/500
2026-09-16 15:17:43,320 [ERROR][connector.py::perform_retry_callback(45)] [Connector ID: langgraph-agent-local] Attempt 3 failed due to error: Server error '500 Internal Server Error' for url 'http://localhost:8001/answer'
For more information check: https://developer.mozilla.org/en-US/docs/Web/HTTP/Status/500
2026-09-16 15:17:43,320 [ERROR][connector.py::get_prediction(384)] [Connector ID: langgraph-agent-local] Prompt Index 15091 failed to get prediction: Server error '500 Internal Server Error' for url 'http://localhost:8001/answer'
For more information check: https://developer.mozilla.org/en-US/docs/Web/HTTP/Status/500
2026-09-16 15:17:43,320 [ERROR][run_progress.py::notify_error(47)] [Benchmarking] Failed to generate prediction for prompt_info [conn_id: langgraph-agent-local, rec_id: mmlu, ds_id: mmlu-all, pt_id: mmlu, prompt_index: 15091] due to error: Server error '500 Internal Server Error' for url 'http://localhost:8001/answer'
For more information check: https://developer.mozilla.org/en-US/docs/Web/HTTP/Status/500
2026-09-16 15:17:43,412 [ERROR][connector.py::perform_retry_callback(45)] [Connector ID: langgraph-agent-local] Attempt 1 failed due to error: Server error '500 Internal Server Error' for url 'http://localhost:8001/answer'
For more information check: https://developer.mozilla.org/en-US/docs/Web/HTTP/Status/500
2026-09-16 15:17:44,517 [ERROR][connector.py::perform_retry_callback(45)] [Connector ID: langgraph-agent-local] Attempt 2 failed due to error: Server error '500 Internal Server Error' for url 'http://localhost:8001/answer'
For more information check: https://developer.mozilla.org/en-US/docs/Web/HTTP/Status/500
2026-09-16 15:17:46,585 [ERROR][connector.py::perform_retry_callback(45)] [Connector ID: langgraph-agent-local] Attempt 3 failed due to error: Server error '500 Internal Server Error' for url 'http://localhost:8001/answer'
For more information check: https://developer.mozilla.org/en-US/docs/Web/HTTP/Status/500
2026-09-16 15:17:46,585 [ERROR][connector.py::get_prediction(384)] [Connector ID: langgraph-agent-local] Prompt Index 15126 failed to get prediction: Server error '500 Internal Server Error' for url 'http://localhost:8001/answer'
For more information check: https://developer.mozilla.org/en-US/docs/Web/HTTP/Status/500
2026-09-16 15:17:46,585 [ERROR][run_progress.py::notify_error(47)] [Benchmarking] Failed to generate prediction for prompt_info [conn_id: langgraph-agent-local, rec_id: mmlu, ds_id: mmlu-all, pt_id: mmlu, prompt_index: 15126] due to error: Server error '500 Internal Server Error' for url 'http://localhost:8001/answer'
For more information check: https://developer.mozilla.org/en-US/docs/Web/HTTP/Status/500
2026-09-16 15:17:46,682 [ERROR][connector.py::perform_retry_callback(45)] [Connector ID: langgraph-agent-local] Attempt 1 failed due to error: Server error '500 Internal Server Error' for url 'http://localhost:8001/answer'
For more information check: https://developer.mozilla.org/en-US/docs/Web/HTTP/Status/500
2026-09-16 15:17:47,799 [ERROR][connector.py::perform_retry_callback(45)] [Connector ID: langgraph-agent-local] Attempt 2 failed due to error: Server error '500 Internal Server Error' for url 'http://localhost:8001/answer'
For more information check: https://developer.mozilla.org/en-US/docs/Web/HTTP/Status/500
2026-09-16 15:17:49,408 [ERROR][connector.py::perform_retry_callback(45)] [Connector ID: langgraph-agent-local] Attempt 3 failed due to error: Server error '500 Internal Server Error' for url 'http://localhost:8001/answer'
For more information check: https://developer.mozilla.org/en-US/docs/Web/HTTP/Status/500
2026-09-16 15:17:49,408 [ERROR][connector.py::get_prediction(384)] [Connector ID: langgraph-agent-local] Prompt Index 15349 failed to get prediction: Server error '500 Internal Server Error' for url 'http://localhost:8001/answer'
For more information check: https://developer.mozilla.org/en-US/docs/Web/HTTP/Status/500
2026-09-16 15:17:49,408 [ERROR][run_progress.py::notify_error(47)] [Benchmarking] Failed to generate prediction for prompt_info [conn_id: langgraph-agent-local, rec_id: mmlu, ds_id: mmlu-all, pt_id: mmlu, prompt_index: 15349] due to error: Server error '500 Internal Server Error' for url 'http://localhost:8001/answer'
For more information check: https://developer.mozilla.org/en-US/docs/Web/HTTP/Status/500
2026-09-16 15:17:49,496 [ERROR][connector.py::perform_retry_callback(45)] [Connector ID: langgraph-agent-local] Attempt 1 failed due to error: Server error '500 Internal Server Error' for url 'http://localhost:8001/answer'
For more information check: https://developer.mozilla.org/en-US/docs/Web/HTTP/Status/500
2026-09-16 15:17:50,603 [ERROR][connector.py::perform_retry_callback(45)] [Connector ID: langgraph-agent-local] Attempt 2 failed due to error: Server error '500 Internal Server Error' for url 'http://localhost:8001/answer'
For more information check: https://developer.mozilla.org/en-US/docs/Web/HTTP/Status/500
2026-09-16 15:17:52,306 [ERROR][connector.py::perform_retry_callback(45)] [Connector ID: langgraph-agent-local] Attempt 3 failed due to error: Server error '500 Internal Server Error' for url 'http://localhost:8001/answer'
For more information check: https://developer.mozilla.org/en-US/docs/Web/HTTP/Status/500
2026-09-16 15:17:52,306 [ERROR][connector.py::get_prediction(384)] [Connector ID: langgraph-agent-local] Prompt Index 15352 failed to get prediction: Server error '500 Internal Server Error' for url 'http://localhost:8001/answer'
For more information check: https://developer.mozilla.org/en-US/docs/Web/HTTP/Status/500
2026-09-16 15:17:52,306 [ERROR][run_progress.py::notify_error(47)] [Benchmarking] Failed to generate prediction for prompt_info [conn_id: langgraph-agent-local, rec_id: mmlu, ds_id: mmlu-all, pt_id: mmlu, prompt_index: 15352] due to error: Server error '500 Internal Server Error' for url 'http://localhost:8001/answer'
For more information check: https://developer.mozilla.org/en-US/docs/Web/HTTP/Status/500
2026-09-16 15:17:52,402 [ERROR][connector.py::perform_retry_callback(45)] [Connector ID: langgraph-agent-local] Attempt 1 failed due to error: Server error '500 Internal Server Error' for url 'http://localhost:8001/answer'
For more information check: https://developer.mozilla.org/en-US/docs/Web/HTTP/Status/500
2026-09-16 15:17:53,514 [ERROR][connector.py::perform_retry_callback(45)] [Connector ID: langgraph-agent-local] Attempt 2 failed due to error: Server error '500 Internal Server Error' for url 'http://localhost:8001/answer'
For more information check: https://developer.mozilla.org/en-US/docs/Web/HTTP/Status/500
2026-09-16 15:17:55,525 [ERROR][connector.py::perform_retry_callback(45)] [Connector ID: langgraph-agent-local] Attempt 3 failed due to error: Server error '500 Internal Server Error' for url 'http://localhost:8001/answer'
For more information check: https://developer.mozilla.org/en-US/docs/Web/HTTP/Status/500
2026-09-16 15:17:55,525 [ERROR][connector.py::get_prediction(384)] [Connector ID: langgraph-agent-local] Prompt Index 15533 failed to get prediction: Server error '500 Internal Server Error' for url 'http://localhost:8001/answer'
For more information check: https://developer.mozilla.org/en-US/docs/Web/HTTP/Status/500
2026-09-16 15:17:55,525 [ERROR][run_progress.py::notify_error(47)] [Benchmarking] Failed to generate prediction for prompt_info [conn_id: langgraph-agent-local, rec_id: mmlu, ds_id: mmlu-all, pt_id: mmlu, prompt_index: 15533] due to error: Server error '500 Internal Server Error' for url 'http://localhost:8001/answer'
For more information check: https://developer.mozilla.org/en-US/docs/Web/HTTP/Status/500
2026-09-16 15:17:55,526 [INFO][connector.py::get_prediction(356)] [Connector ID: langgraph-agent-local] Predicting Prompt Index 15611.
2026-09-16 15:17:55,531 [INFO][connector.py::get_prediction(356)] [Connector ID: langgraph-agent-local] Predicting Prompt Index 15626.
2026-09-16 15:17:55,531 [INFO][connector.py::get_prediction(356)] [Connector ID: langgraph-agent-local] Predicting Prompt Index 15635.
2026-09-16 15:17:55,531 [INFO][connector.py::get_prediction(356)] [Connector ID: langgraph-agent-local] Predicting Prompt Index 15649.
2026-09-16 15:17:55,531 [INFO][connector.py::get_prediction(356)] [Connector ID: langgraph-agent-local] Predicting Prompt Index 15679.
2026-09-16 15:17:55,531 [INFO][connector.py::get_prediction(356)] [Connector ID: langgraph-agent-local] Predicting Prompt Index 15700.
2026-09-16 15:17:55,531 [INFO][connector.py::get_prediction(356)] [Connector ID: langgraph-agent-local] Predicting Prompt Index 15735.
2026-09-16 15:17:55,531 [INFO][connector.py::get_prediction(356)] [Connector ID: langgraph-agent-local] Predicting Prompt Index 15799.
2026-09-16 15:17:55,532 [INFO][connector.py::get_prediction(356)] [Connector ID: langgraph-agent-local] Predicting Prompt Index 15817.
2026-09-16 15:17:55,532 [INFO][connector.py::get_prediction(356)] [Connector ID: langgraph-agent-local] Predicting Prompt Index 15825.
2026-09-16 15:17:55,610 [ERROR][connector.py::perform_retry_callback(45)] [Connector ID: langgraph-agent-local] Attempt 1 failed due to error: Server error '500 Internal Server Error' for url 'http://localhost:8001/answer'
For more information check: https://developer.mozilla.org/en-US/docs/Web/HTTP/Status/500
2026-09-16 15:17:56,730 [ERROR][connector.py::perform_retry_callback(45)] [Connector ID: langgraph-agent-local] Attempt 2 failed due to error: Server error '500 Internal Server Error' for url 'http://localhost:8001/answer'
For more information check: https://developer.mozilla.org/en-US/docs/Web/HTTP/Status/500
2026-09-16 15:17:57,855 [ERROR][connector.py::perform_retry_callback(45)] [Connector ID: langgraph-agent-local] Attempt 3 failed due to error: Server error '500 Internal Server Error' for url 'http://localhost:8001/answer'
For more information check: https://developer.mozilla.org/en-US/docs/Web/HTTP/Status/500
2026-09-16 15:17:57,855 [ERROR][connector.py::get_prediction(384)] [Connector ID: langgraph-agent-local] Prompt Index 15611 failed to get prediction: Server error '500 Internal Server Error' for url 'http://localhost:8001/answer'
For more information check: https://developer.mozilla.org/en-US/docs/Web/HTTP/Status/500
2026-09-16 15:17:57,855 [ERROR][run_progress.py::notify_error(47)] [Benchmarking] Failed to generate prediction for prompt_info [conn_id: langgraph-agent-local, rec_id: mmlu, ds_id: mmlu-all, pt_id: mmlu, prompt_index: 15611] due to error: Server error '500 Internal Server Error' for url 'http://localhost:8001/answer'
For more information check: https://developer.mozilla.org/en-US/docs/Web/HTTP/Status/500
2026-09-16 15:17:57,987 [ERROR][connector.py::perform_retry_callback(45)] [Connector ID: langgraph-agent-local] Attempt 1 failed due to error: Server error '500 Internal Server Error' for url 'http://localhost:8001/answer'
For more information check: https://developer.mozilla.org/en-US/docs/Web/HTTP/Status/500
2026-09-16 15:17:59,095 [ERROR][connector.py::perform_retry_callback(45)] [Connector ID: langgraph-agent-local] Attempt 2 failed due to error: Server error '500 Internal Server Error' for url 'http://localhost:8001/answer'
For more information check: https://developer.mozilla.org/en-US/docs/Web/HTTP/Status/500
2026-09-16 15:18:00,747 [ERROR][connector.py::perform_retry_callback(45)] [Connector ID: langgraph-agent-local] Attempt 3 failed due to error: Server error '500 Internal Server Error' for url 'http://localhost:8001/answer'
For more information check: https://developer.mozilla.org/en-US/docs/Web/HTTP/Status/500
2026-09-16 15:18:00,747 [ERROR][connector.py::get_prediction(384)] [Connector ID: langgraph-agent-local] Prompt Index 15626 failed to get prediction: Server error '500 Internal Server Error' for url 'http://localhost:8001/answer'
For more information check: https://developer.mozilla.org/en-US/docs/Web/HTTP/Status/500
2026-09-16 15:18:00,747 [ERROR][run_progress.py::notify_error(47)] [Benchmarking] Failed to generate prediction for prompt_info [conn_id: langgraph-agent-local, rec_id: mmlu, ds_id: mmlu-all, pt_id: mmlu, prompt_index: 15626] due to error: Server error '500 Internal Server Error' for url 'http://localhost:8001/answer'
For more information check: https://developer.mozilla.org/en-US/docs/Web/HTTP/Status/500
2026-09-16 15:18:00,844 [ERROR][connector.py::perform_retry_callback(45)] [Connector ID: langgraph-agent-local] Attempt 1 failed due to error: Server error '500 Internal Server Error' for url 'http://localhost:8001/answer'
For more information check: https://developer.mozilla.org/en-US/docs/Web/HTTP/Status/500
2026-09-16 15:18:01,975 [ERROR][connector.py::perform_retry_callback(45)] [Connector ID: langgraph-agent-local] Attempt 2 failed due to error: Server error '500 Internal Server Error' for url 'http://localhost:8001/answer'
For more information check: https://developer.mozilla.org/en-US/docs/Web/HTTP/Status/500
2026-09-16 15:18:03,881 [ERROR][connector.py::perform_retry_callback(45)] [Connector ID: langgraph-agent-local] Attempt 3 failed due to error: Server error '500 Internal Server Error' for url 'http://localhost:8001/answer'
For more information check: https://developer.mozilla.org/en-US/docs/Web/HTTP/Status/500
2026-09-16 15:18:03,881 [ERROR][connector.py::get_prediction(384)] [Connector ID: langgraph-agent-local] Prompt Index 15635 failed to get prediction: Server error '500 Internal Server Error' for url 'http://localhost:8001/answer'
For more information check: https://developer.mozilla.org/en-US/docs/Web/HTTP/Status/500
2026-09-16 15:18:03,881 [ERROR][run_progress.py::notify_error(47)] [Benchmarking] Failed to generate prediction for prompt_info [conn_id: langgraph-agent-local, rec_id: mmlu, ds_id: mmlu-all, pt_id: mmlu, prompt_index: 15635] due to error: Server error '500 Internal Server Error' for url 'http://localhost:8001/answer'
For more information check: https://developer.mozilla.org/en-US/docs/Web/HTTP/Status/500
2026-09-16 15:18:03,968 [ERROR][connector.py::perform_retry_callback(45)] [Connector ID: langgraph-agent-local] Attempt 1 failed due to error: Server error '500 Internal Server Error' for url 'http://localhost:8001/answer'
For more information check: https://developer.mozilla.org/en-US/docs/Web/HTTP/Status/500
2026-09-16 15:18:05,088 [ERROR][connector.py::perform_retry_callback(45)] [Connector ID: langgraph-agent-local] Attempt 2 failed due to error: Server error '500 Internal Server Error' for url 'http://localhost:8001/answer'
For more information check: https://developer.mozilla.org/en-US/docs/Web/HTTP/Status/500
2026-09-16 15:18:07,120 [ERROR][connector.py::perform_retry_callback(45)] [Connector ID: langgraph-agent-local] Attempt 3 failed due to error: Server error '500 Internal Server Error' for url 'http://localhost:8001/answer'
For more information check: https://developer.mozilla.org/en-US/docs/Web/HTTP/Status/500
2026-09-16 15:18:07,120 [ERROR][connector.py::get_prediction(384)] [Connector ID: langgraph-agent-local] Prompt Index 15649 failed to get prediction: Server error '500 Internal Server Error' for url 'http://localhost:8001/answer'
For more information check: https://developer.mozilla.org/en-US/docs/Web/HTTP/Status/500
2026-09-16 15:18:07,120 [ERROR][run_progress.py::notify_error(47)] [Benchmarking] Failed to generate prediction for prompt_info [conn_id: langgraph-agent-local, rec_id: mmlu, ds_id: mmlu-all, pt_id: mmlu, prompt_index: 15649] due to error: Server error '500 Internal Server Error' for url 'http://localhost:8001/answer'
For more information check: https://developer.mozilla.org/en-US/docs/Web/HTTP/Status/500
2026-09-16 15:18:07,208 [ERROR][connector.py::perform_retry_callback(45)] [Connector ID: langgraph-agent-local] Attempt 1 failed due to error: Server error '500 Internal Server Error' for url 'http://localhost:8001/answer'
For more information check: https://developer.mozilla.org/en-US/docs/Web/HTTP/Status/500
2026-09-16 15:18:08,373 [ERROR][connector.py::perform_retry_callback(45)] [Connector ID: langgraph-agent-local] Attempt 2 failed due to error: Server error '500 Internal Server Error' for url 'http://localhost:8001/answer'
For more information check: https://developer.mozilla.org/en-US/docs/Web/HTTP/Status/500
2026-09-16 15:18:10,265 [ERROR][connector.py::perform_retry_callback(45)] [Connector ID: langgraph-agent-local] Attempt 3 failed due to error: Server error '500 Internal Server Error' for url 'http://localhost:8001/answer'
For more information check: https://developer.mozilla.org/en-US/docs/Web/HTTP/Status/500
2026-09-16 15:18:10,265 [ERROR][connector.py::get_prediction(384)] [Connector ID: langgraph-agent-local] Prompt Index 15679 failed to get prediction: Server error '500 Internal Server Error' for url 'http://localhost:8001/answer'
For more information check: https://developer.mozilla.org/en-US/docs/Web/HTTP/Status/500
2026-09-16 15:18:10,265 [ERROR][run_progress.py::notify_error(47)] [Benchmarking] Failed to generate prediction for prompt_info [conn_id: langgraph-agent-local, rec_id: mmlu, ds_id: mmlu-all, pt_id: mmlu, prompt_index: 15679] due to error: Server error '500 Internal Server Error' for url 'http://localhost:8001/answer'
For more information check: https://developer.mozilla.org/en-US/docs/Web/HTTP/Status/500
2026-09-16 15:18:10,368 [ERROR][connector.py::perform_retry_callback(45)] [Connector ID: langgraph-agent-local] Attempt 1 failed due to error: Server error '500 Internal Server Error' for url 'http://localhost:8001/answer'
For more information check: https://developer.mozilla.org/en-US/docs/Web/HTTP/Status/500
2026-09-16 15:18:11,484 [ERROR][connector.py::perform_retry_callback(45)] [Connector ID: langgraph-agent-local] Attempt 2 failed due to error: Server error '500 Internal Server Error' for url 'http://localhost:8001/answer'
For more information check: https://developer.mozilla.org/en-US/docs/Web/HTTP/Status/500
2026-09-16 15:18:13,346 [ERROR][connector.py::perform_retry_callback(45)] [Connector ID: langgraph-agent-local] Attempt 3 failed due to error: Server error '500 Internal Server Error' for url 'http://localhost:8001/answer'
For more information check: https://developer.mozilla.org/en-US/docs/Web/HTTP/Status/500
2026-09-16 15:18:13,346 [ERROR][connector.py::get_prediction(384)] [Connector ID: langgraph-agent-local] Prompt Index 15700 failed to get prediction: Server error '500 Internal Server Error' for url 'http://localhost:8001/answer'
For more information check: https://developer.mozilla.org/en-US/docs/Web/HTTP/Status/500
2026-09-16 15:18:13,346 [ERROR][run_progress.py::notify_error(47)] [Benchmarking] Failed to generate prediction for prompt_info [conn_id: langgraph-agent-local, rec_id: mmlu, ds_id: mmlu-all, pt_id: mmlu, prompt_index: 15700] due to error: Server error '500 Internal Server Error' for url 'http://localhost:8001/answer'
For more information check: https://developer.mozilla.org/en-US/docs/Web/HTTP/Status/500
2026-09-16 15:18:13,441 [ERROR][connector.py::perform_retry_callback(45)] [Connector ID: langgraph-agent-local] Attempt 1 failed due to error: Server error '500 Internal Server Error' for url 'http://localhost:8001/answer'
For more information check: https://developer.mozilla.org/en-US/docs/Web/HTTP/Status/500
2026-09-16 15:18:14,555 [ERROR][connector.py::perform_retry_callback(45)] [Connector ID: langgraph-agent-local] Attempt 2 failed due to error: Server error '500 Internal Server Error' for url 'http://localhost:8001/answer'
For more information check: https://developer.mozilla.org/en-US/docs/Web/HTTP/Status/500
2026-09-16 15:18:16,256 [ERROR][connector.py::perform_retry_callback(45)] [Connector ID: langgraph-agent-local] Attempt 3 failed due to error: Server error '500 Internal Server Error' for url 'http://localhost:8001/answer'
For more information check: https://developer.mozilla.org/en-US/docs/Web/HTTP/Status/500
2026-09-16 15:18:16,256 [ERROR][connector.py::get_prediction(384)] [Connector ID: langgraph-agent-local] Prompt Index 15735 failed to get prediction: Server error '500 Internal Server Error' for url 'http://localhost:8001/answer'
For more information check: https://developer.mozilla.org/en-US/docs/Web/HTTP/Status/500
2026-09-16 15:18:16,256 [ERROR][run_progress.py::notify_error(47)] [Benchmarking] Failed to generate prediction for prompt_info [conn_id: langgraph-agent-local, rec_id: mmlu, ds_id: mmlu-all, pt_id: mmlu, prompt_index: 15735] due to error: Server error '500 Internal Server Error' for url 'http://localhost:8001/answer'
For more information check: https://developer.mozilla.org/en-US/docs/Web/HTTP/Status/500
2026-09-16 15:18:16,354 [ERROR][connector.py::perform_retry_callback(45)] [Connector ID: langgraph-agent-local] Attempt 1 failed due to error: Server error '500 Internal Server Error' for url 'http://localhost:8001/answer'
For more information check: https://developer.mozilla.org/en-US/docs/Web/HTTP/Status/500
2026-09-16 15:18:17,506 [ERROR][connector.py::perform_retry_callback(45)] [Connector ID: langgraph-agent-local] Attempt 2 failed due to error: Server error '500 Internal Server Error' for url 'http://localhost:8001/answer'
For more information check: https://developer.mozilla.org/en-US/docs/Web/HTTP/Status/500
2026-09-16 15:18:19,511 [ERROR][connector.py::perform_retry_callback(45)] [Connector ID: langgraph-agent-local] Attempt 3 failed due to error: Server error '500 Internal Server Error' for url 'http://localhost:8001/answer'
For more information check: https://developer.mozilla.org/en-US/docs/Web/HTTP/Status/500
2026-09-16 15:18:19,511 [ERROR][connector.py::get_prediction(384)] [Connector ID: langgraph-agent-local] Prompt Index 15799 failed to get prediction: Server error '500 Internal Server Error' for url 'http://localhost:8001/answer'
For more information check: https://developer.mozilla.org/en-US/docs/Web/HTTP/Status/500
2026-09-16 15:18:19,511 [ERROR][run_progress.py::notify_error(47)] [Benchmarking] Failed to generate prediction for prompt_info [conn_id: langgraph-agent-local, rec_id: mmlu, ds_id: mmlu-all, pt_id: mmlu, prompt_index: 15799] due to error: Server error '500 Internal Server Error' for url 'http://localhost:8001/answer'
For more information check: https://developer.mozilla.org/en-US/docs/Web/HTTP/Status/500
2026-09-16 15:18:19,632 [ERROR][connector.py::perform_retry_callback(45)] [Connector ID: langgraph-agent-local] Attempt 1 failed due to error: Server error '500 Internal Server Error' for url 'http://localhost:8001/answer'
For more information check: https://developer.mozilla.org/en-US/docs/Web/HTTP/Status/500
2026-09-16 15:18:20,757 [ERROR][connector.py::perform_retry_callback(45)] [Connector ID: langgraph-agent-local] Attempt 2 failed due to error: Server error '500 Internal Server Error' for url 'http://localhost:8001/answer'
For more information check: https://developer.mozilla.org/en-US/docs/Web/HTTP/Status/500
2026-09-16 15:18:22,461 [ERROR][connector.py::perform_retry_callback(45)] [Connector ID: langgraph-agent-local] Attempt 3 failed due to error: Server error '500 Internal Server Error' for url 'http://localhost:8001/answer'
For more information check: https://developer.mozilla.org/en-US/docs/Web/HTTP/Status/500
2026-09-16 15:18:22,461 [ERROR][connector.py::get_prediction(384)] [Connector ID: langgraph-agent-local] Prompt Index 15817 failed to get prediction: Server error '500 Internal Server Error' for url 'http://localhost:8001/answer'
For more information check: https://developer.mozilla.org/en-US/docs/Web/HTTP/Status/500
2026-09-16 15:18:22,461 [ERROR][run_progress.py::notify_error(47)] [Benchmarking] Failed to generate prediction for prompt_info [conn_id: langgraph-agent-local, rec_id: mmlu, ds_id: mmlu-all, pt_id: mmlu, prompt_index: 15817] due to error: Server error '500 Internal Server Error' for url 'http://localhost:8001/answer'
For more information check: https://developer.mozilla.org/en-US/docs/Web/HTTP/Status/500
2026-09-16 15:18:22,587 [ERROR][connector.py::perform_retry_callback(45)] [Connector ID: langgraph-agent-local] Attempt 1 failed due to error: Server error '500 Internal Server Error' for url 'http://localhost:8001/answer'
For more information check: https://developer.mozilla.org/en-US/docs/Web/HTTP/Status/500
2026-09-16 15:18:23,691 [ERROR][connector.py::perform_retry_callback(45)] [Connector ID: langgraph-agent-local] Attempt 2 failed due to error: Server error '500 Internal Server Error' for url 'http://localhost:8001/answer'
For more information check: https://developer.mozilla.org/en-US/docs/Web/HTTP/Status/500
2026-09-16 15:18:25,184 [ERROR][connector.py::perform_retry_callback(45)] [Connector ID: langgraph-agent-local] Attempt 3 failed due to error: Server error '500 Internal Server Error' for url 'http://localhost:8001/answer'
For more information check: https://developer.mozilla.org/en-US/docs/Web/HTTP/Status/500
2026-09-16 15:18:25,184 [ERROR][connector.py::get_prediction(384)] [Connector ID: langgraph-agent-local] Prompt Index 15825 failed to get prediction: Server error '500 Internal Server Error' for url 'http://localhost:8001/answer'
For more information check: https://developer.mozilla.org/en-US/docs/Web/HTTP/Status/500
2026-09-16 15:18:25,184 [ERROR][run_progress.py::notify_error(47)] [Benchmarking] Failed to generate prediction for prompt_info [conn_id: langgraph-agent-local, rec_id: mmlu, ds_id: mmlu-all, pt_id: mmlu, prompt_index: 15825] due to error: Server error '500 Internal Server Error' for url 'http://localhost:8001/answer'
For more information check: https://developer.mozilla.org/en-US/docs/Web/HTTP/Status/500
2026-09-16 15:18:25,185 [INFO][connector.py::get_prediction(356)] [Connector ID: langgraph-agent-local] Predicting Prompt Index 15878.
2026-09-16 15:18:25,190 [INFO][connector.py::get_prediction(356)] [Connector ID: langgraph-agent-local] Predicting Prompt Index 15904.
2026-09-16 15:18:25,190 [INFO][connector.py::get_prediction(356)] [Connector ID: langgraph-agent-local] Predicting Prompt Index 16041.
2026-09-16 15:18:25,190 [INFO][connector.py::get_prediction(356)] [Connector ID: langgraph-agent-local] Predicting Prompt Index 16182.
2026-09-16 15:18:25,190 [INFO][connector.py::get_prediction(356)] [Connector ID: langgraph-agent-local] Predicting Prompt Index 16392.
2026-09-16 15:18:25,190 [INFO][connector.py::get_prediction(356)] [Connector ID: langgraph-agent-local] Predicting Prompt Index 16414.
2026-09-16 15:18:25,190 [INFO][connector.py::get_prediction(356)] [Connector ID: langgraph-agent-local] Predicting Prompt Index 16529.
2026-09-16 15:18:25,190 [INFO][connector.py::get_prediction(356)] [Connector ID: langgraph-agent-local] Predicting Prompt Index 16645.
2026-09-16 15:18:25,190 [INFO][connector.py::get_prediction(356)] [Connector ID: langgraph-agent-local] Predicting Prompt Index 16755.
2026-09-16 15:18:25,190 [INFO][connector.py::get_prediction(356)] [Connector ID: langgraph-agent-local] Predicting Prompt Index 16877.
2026-09-16 15:18:25,287 [ERROR][connector.py::perform_retry_callback(45)] [Connector ID: langgraph-agent-local] Attempt 1 failed due to error: Server error '500 Internal Server Error' for url 'http://localhost:8001/answer'
For more information check: https://developer.mozilla.org/en-US/docs/Web/HTTP/Status/500
2026-09-16 15:18:26,387 [ERROR][connector.py::perform_retry_callback(45)] [Connector ID: langgraph-agent-local] Attempt 2 failed due to error: Server error '500 Internal Server Error' for url 'http://localhost:8001/answer'
For more information check: https://developer.mozilla.org/en-US/docs/Web/HTTP/Status/500
2026-09-16 15:18:28,322 [ERROR][connector.py::perform_retry_callback(45)] [Connector ID: langgraph-agent-local] Attempt 3 failed due to error: Server error '500 Internal Server Error' for url 'http://localhost:8001/answer'
For more information check: https://developer.mozilla.org/en-US/docs/Web/HTTP/Status/500
2026-09-16 15:18:28,322 [ERROR][connector.py::get_prediction(384)] [Connector ID: langgraph-agent-local] Prompt Index 15878 failed to get prediction: Server error '500 Internal Server Error' for url 'http://localhost:8001/answer'
For more information check: https://developer.mozilla.org/en-US/docs/Web/HTTP/Status/500
2026-09-16 15:18:28,322 [ERROR][run_progress.py::notify_error(47)] [Benchmarking] Failed to generate prediction for prompt_info [conn_id: langgraph-agent-local, rec_id: mmlu, ds_id: mmlu-all, pt_id: mmlu, prompt_index: 15878] due to error: Server error '500 Internal Server Error' for url 'http://localhost:8001/answer'
For more information check: https://developer.mozilla.org/en-US/docs/Web/HTTP/Status/500
2026-09-16 15:18:28,412 [ERROR][connector.py::perform_retry_callback(45)] [Connector ID: langgraph-agent-local] Attempt 1 failed due to error: Server error '500 Internal Server Error' for url 'http://localhost:8001/answer'
For more information check: https://developer.mozilla.org/en-US/docs/Web/HTTP/Status/500
2026-09-16 15:18:29,516 [ERROR][connector.py::perform_retry_callback(45)] [Connector ID: langgraph-agent-local] Attempt 2 failed due to error: Server error '500 Internal Server Error' for url 'http://localhost:8001/answer'
For more information check: https://developer.mozilla.org/en-US/docs/Web/HTTP/Status/500
2026-09-16 15:18:31,389 [ERROR][connector.py::perform_retry_callback(45)] [Connector ID: langgraph-agent-local] Attempt 3 failed due to error: Server error '500 Internal Server Error' for url 'http://localhost:8001/answer'
For more information check: https://developer.mozilla.org/en-US/docs/Web/HTTP/Status/500
2026-09-16 15:18:31,390 [ERROR][connector.py::get_prediction(384)] [Connector ID: langgraph-agent-local] Prompt Index 15904 failed to get prediction: Server error '500 Internal Server Error' for url 'http://localhost:8001/answer'
For more information check: https://developer.mozilla.org/en-US/docs/Web/HTTP/Status/500
2026-09-16 15:18:31,390 [ERROR][run_progress.py::notify_error(47)] [Benchmarking] Failed to generate prediction for prompt_info [conn_id: langgraph-agent-local, rec_id: mmlu, ds_id: mmlu-all, pt_id: mmlu, prompt_index: 15904] due to error: Server error '500 Internal Server Error' for url 'http://localhost:8001/answer'
For more information check: https://developer.mozilla.org/en-US/docs/Web/HTTP/Status/500
2026-09-16 15:18:31,477 [ERROR][connector.py::perform_retry_callback(45)] [Connector ID: langgraph-agent-local] Attempt 1 failed due to error: Server error '500 Internal Server Error' for url 'http://localhost:8001/answer'
For more information check: https://developer.mozilla.org/en-US/docs/Web/HTTP/Status/500
2026-09-16 15:18:32,587 [ERROR][connector.py::perform_retry_callback(45)] [Connector ID: langgraph-agent-local] Attempt 2 failed due to error: Server error '500 Internal Server Error' for url 'http://localhost:8001/answer'
For more information check: https://developer.mozilla.org/en-US/docs/Web/HTTP/Status/500
2026-09-16 15:18:34,614 [ERROR][connector.py::perform_retry_callback(45)] [Connector ID: langgraph-agent-local] Attempt 3 failed due to error: Server error '500 Internal Server Error' for url 'http://localhost:8001/answer'
For more information check: https://developer.mozilla.org/en-US/docs/Web/HTTP/Status/500
2026-09-16 15:18:34,614 [ERROR][connector.py::get_prediction(384)] [Connector ID: langgraph-agent-local] Prompt Index 16041 failed to get prediction: Server error '500 Internal Server Error' for url 'http://localhost:8001/answer'
For more information check: https://developer.mozilla.org/en-US/docs/Web/HTTP/Status/500
2026-09-16 15:18:34,614 [ERROR][run_progress.py::notify_error(47)] [Benchmarking] Failed to generate prediction for prompt_info [conn_id: langgraph-agent-local, rec_id: mmlu, ds_id: mmlu-all, pt_id: mmlu, prompt_index: 16041] due to error: Server error '500 Internal Server Error' for url 'http://localhost:8001/answer'
For more information check: https://developer.mozilla.org/en-US/docs/Web/HTTP/Status/500
2026-09-16 15:18:34,752 [ERROR][connector.py::perform_retry_callback(45)] [Connector ID: langgraph-agent-local] Attempt 1 failed due to error: Server error '500 Internal Server Error' for url 'http://localhost:8001/answer'
For more information check: https://developer.mozilla.org/en-US/docs/Web/HTTP/Status/500
2026-09-16 15:18:35,854 [ERROR][connector.py::perform_retry_callback(45)] [Connector ID: langgraph-agent-local] Attempt 2 failed due to error: Server error '500 Internal Server Error' for url 'http://localhost:8001/answer'
For more information check: https://developer.mozilla.org/en-US/docs/Web/HTTP/Status/500
2026-09-16 15:18:37,035 [ERROR][connector.py::perform_retry_callback(45)] [Connector ID: langgraph-agent-local] Attempt 3 failed due to error: Server error '500 Internal Server Error' for url 'http://localhost:8001/answer'
For more information check: https://developer.mozilla.org/en-US/docs/Web/HTTP/Status/500
2026-09-16 15:18:37,035 [ERROR][connector.py::get_prediction(384)] [Connector ID: langgraph-agent-local] Prompt Index 16182 failed to get prediction: Server error '500 Internal Server Error' for url 'http://localhost:8001/answer'
For more information check: https://developer.mozilla.org/en-US/docs/Web/HTTP/Status/500
2026-09-16 15:18:37,036 [ERROR][run_progress.py::notify_error(47)] [Benchmarking] Failed to generate prediction for prompt_info [conn_id: langgraph-agent-local, rec_id: mmlu, ds_id: mmlu-all, pt_id: mmlu, prompt_index: 16182] due to error: Server error '500 Internal Server Error' for url 'http://localhost:8001/answer'
For more information check: https://developer.mozilla.org/en-US/docs/Web/HTTP/Status/500
2026-09-16 15:18:37,132 [ERROR][connector.py::perform_retry_callback(45)] [Connector ID: langgraph-agent-local] Attempt 1 failed due to error: Server error '500 Internal Server Error' for url 'http://localhost:8001/answer'
For more information check: https://developer.mozilla.org/en-US/docs/Web/HTTP/Status/500
2026-09-16 15:18:38,250 [ERROR][connector.py::perform_retry_callback(45)] [Connector ID: langgraph-agent-local] Attempt 2 failed due to error: Server error '500 Internal Server Error' for url 'http://localhost:8001/answer'
For more information check: https://developer.mozilla.org/en-US/docs/Web/HTTP/Status/500
2026-09-16 15:18:39,765 [ERROR][connector.py::perform_retry_callback(45)] [Connector ID: langgraph-agent-local] Attempt 3 failed due to error: Server error '500 Internal Server Error' for url 'http://localhost:8001/answer'
For more information check: https://developer.mozilla.org/en-US/docs/Web/HTTP/Status/500
2026-09-16 15:18:39,765 [ERROR][connector.py::get_prediction(384)] [Connector ID: langgraph-agent-local] Prompt Index 16392 failed to get prediction: Server error '500 Internal Server Error' for url 'http://localhost:8001/answer'
For more information check: https://developer.mozilla.org/en-US/docs/Web/HTTP/Status/500
2026-09-16 15:18:39,765 [ERROR][run_progress.py::notify_error(47)] [Benchmarking] Failed to generate prediction for prompt_info [conn_id: langgraph-agent-local, rec_id: mmlu, ds_id: mmlu-all, pt_id: mmlu, prompt_index: 16392] due to error: Server error '500 Internal Server Error' for url 'http://localhost:8001/answer'
For more information check: https://developer.mozilla.org/en-US/docs/Web/HTTP/Status/500
2026-09-16 15:18:39,918 [ERROR][connector.py::perform_retry_callback(45)] [Connector ID: langgraph-agent-local] Attempt 1 failed due to error: Server error '500 Internal Server Error' for url 'http://localhost:8001/answer'
For more information check: https://developer.mozilla.org/en-US/docs/Web/HTTP/Status/500
2026-09-16 15:18:41,042 [ERROR][connector.py::perform_retry_callback(45)] [Connector ID: langgraph-agent-local] Attempt 2 failed due to error: Server error '500 Internal Server Error' for url 'http://localhost:8001/answer'
For more information check: https://developer.mozilla.org/en-US/docs/Web/HTTP/Status/500
2026-09-16 15:18:42,319 [ERROR][connector.py::perform_retry_callback(45)] [Connector ID: langgraph-agent-local] Attempt 3 failed due to error: Server error '500 Internal Server Error' for url 'http://localhost:8001/answer'
For more information check: https://developer.mozilla.org/en-US/docs/Web/HTTP/Status/500
2026-09-16 15:18:42,319 [ERROR][connector.py::get_prediction(384)] [Connector ID: langgraph-agent-local] Prompt Index 16414 failed to get prediction: Server error '500 Internal Server Error' for url 'http://localhost:8001/answer'
For more information check: https://developer.mozilla.org/en-US/docs/Web/HTTP/Status/500
2026-09-16 15:18:42,319 [ERROR][run_progress.py::notify_error(47)] [Benchmarking] Failed to generate prediction for prompt_info [conn_id: langgraph-agent-local, rec_id: mmlu, ds_id: mmlu-all, pt_id: mmlu, prompt_index: 16414] due to error: Server error '500 Internal Server Error' for url 'http://localhost:8001/answer'
For more information check: https://developer.mozilla.org/en-US/docs/Web/HTTP/Status/500
2026-09-16 15:18:42,440 [ERROR][connector.py::perform_retry_callback(45)] [Connector ID: langgraph-agent-local] Attempt 1 failed due to error: Server error '500 Internal Server Error' for url 'http://localhost:8001/answer'
For more information check: https://developer.mozilla.org/en-US/docs/Web/HTTP/Status/500
2026-09-16 15:18:43,554 [ERROR][connector.py::perform_retry_callback(45)] [Connector ID: langgraph-agent-local] Attempt 2 failed due to error: Server error '500 Internal Server Error' for url 'http://localhost:8001/answer'
For more information check: https://developer.mozilla.org/en-US/docs/Web/HTTP/Status/500
2026-09-16 15:18:45,155 [ERROR][connector.py::perform_retry_callback(45)] [Connector ID: langgraph-agent-local] Attempt 3 failed due to error: Server error '500 Internal Server Error' for url 'http://localhost:8001/answer'
For more information check: https://developer.mozilla.org/en-US/docs/Web/HTTP/Status/500
2026-09-16 15:18:45,155 [ERROR][connector.py::get_prediction(384)] [Connector ID: langgraph-agent-local] Prompt Index 16529 failed to get prediction: Server error '500 Internal Server Error' for url 'http://localhost:8001/answer'
For more information check: https://developer.mozilla.org/en-US/docs/Web/HTTP/Status/500
2026-09-16 15:18:45,155 [ERROR][run_progress.py::notify_error(47)] [Benchmarking] Failed to generate prediction for prompt_info [conn_id: langgraph-agent-local, rec_id: mmlu, ds_id: mmlu-all, pt_id: mmlu, prompt_index: 16529] due to error: Server error '500 Internal Server Error' for url 'http://localhost:8001/answer'
For more information check: https://developer.mozilla.org/en-US/docs/Web/HTTP/Status/500
2026-09-16 15:18:45,269 [ERROR][connector.py::perform_retry_callback(45)] [Connector ID: langgraph-agent-local] Attempt 1 failed due to error: Server error '500 Internal Server Error' for url 'http://localhost:8001/answer'
For more information check: https://developer.mozilla.org/en-US/docs/Web/HTTP/Status/500
2026-09-16 15:18:46,400 [ERROR][connector.py::perform_retry_callback(45)] [Connector ID: langgraph-agent-local] Attempt 2 failed due to error: Server error '500 Internal Server Error' for url 'http://localhost:8001/answer'
For more information check: https://developer.mozilla.org/en-US/docs/Web/HTTP/Status/500
2026-09-16 15:18:48,035 [ERROR][connector.py::perform_retry_callback(45)] [Connector ID: langgraph-agent-local] Attempt 3 failed due to error: Server error '500 Internal Server Error' for url 'http://localhost:8001/answer'
For more information check: https://developer.mozilla.org/en-US/docs/Web/HTTP/Status/500
2026-09-16 15:18:48,035 [ERROR][connector.py::get_prediction(384)] [Connector ID: langgraph-agent-local] Prompt Index 16645 failed to get prediction: Server error '500 Internal Server Error' for url 'http://localhost:8001/answer'
For more information check: https://developer.mozilla.org/en-US/docs/Web/HTTP/Status/500
2026-09-16 15:18:48,035 [ERROR][run_progress.py::notify_error(47)] [Benchmarking] Failed to generate prediction for prompt_info [conn_id: langgraph-agent-local, rec_id: mmlu, ds_id: mmlu-all, pt_id: mmlu, prompt_index: 16645] due to error: Server error '500 Internal Server Error' for url 'http://localhost:8001/answer'
For more information check: https://developer.mozilla.org/en-US/docs/Web/HTTP/Status/500
2026-09-16 15:18:48,139 [ERROR][connector.py::perform_retry_callback(45)] [Connector ID: langgraph-agent-local] Attempt 1 failed due to error: Server error '500 Internal Server Error' for url 'http://localhost:8001/answer'
For more information check: https://developer.mozilla.org/en-US/docs/Web/HTTP/Status/500
2026-09-16 15:18:49,246 [ERROR][connector.py::perform_retry_callback(45)] [Connector ID: langgraph-agent-local] Attempt 2 failed due to error: Server error '500 Internal Server Error' for url 'http://localhost:8001/answer'
For more information check: https://developer.mozilla.org/en-US/docs/Web/HTTP/Status/500
2026-09-16 15:18:51,162 [ERROR][connector.py::perform_retry_callback(45)] [Connector ID: langgraph-agent-local] Attempt 3 failed due to error: Server error '500 Internal Server Error' for url 'http://localhost:8001/answer'
For more information check: https://developer.mozilla.org/en-US/docs/Web/HTTP/Status/500
2026-09-16 15:18:51,162 [ERROR][connector.py::get_prediction(384)] [Connector ID: langgraph-agent-local] Prompt Index 16755 failed to get prediction: Server error '500 Internal Server Error' for url 'http://localhost:8001/answer'
For more information check: https://developer.mozilla.org/en-US/docs/Web/HTTP/Status/500
2026-09-16 15:18:51,162 [ERROR][run_progress.py::notify_error(47)] [Benchmarking] Failed to generate prediction for prompt_info [conn_id: langgraph-agent-local, rec_id: mmlu, ds_id: mmlu-all, pt_id: mmlu, prompt_index: 16755] due to error: Server error '500 Internal Server Error' for url 'http://localhost:8001/answer'
For more information check: https://developer.mozilla.org/en-US/docs/Web/HTTP/Status/500
2026-09-16 15:18:51,276 [ERROR][connector.py::perform_retry_callback(45)] [Connector ID: langgraph-agent-local] Attempt 1 failed due to error: Server error '500 Internal Server Error' for url 'http://localhost:8001/answer'
For more information check: https://developer.mozilla.org/en-US/docs/Web/HTTP/Status/500
2026-09-16 15:18:52,404 [ERROR][connector.py::perform_retry_callback(45)] [Connector ID: langgraph-agent-local] Attempt 2 failed due to error: Server error '500 Internal Server Error' for url 'http://localhost:8001/answer'
For more information check: https://developer.mozilla.org/en-US/docs/Web/HTTP/Status/500
2026-09-16 15:18:53,661 [ERROR][connector.py::perform_retry_callback(45)] [Connector ID: langgraph-agent-local] Attempt 3 failed due to error: Server error '500 Internal Server Error' for url 'http://localhost:8001/answer'
For more information check: https://developer.mozilla.org/en-US/docs/Web/HTTP/Status/500
2026-09-16 15:18:53,662 [ERROR][connector.py::get_prediction(384)] [Connector ID: langgraph-agent-local] Prompt Index 16877 failed to get prediction: Server error '500 Internal Server Error' for url 'http://localhost:8001/answer'
For more information check: https://developer.mozilla.org/en-US/docs/Web/HTTP/Status/500
2026-09-16 15:18:53,662 [ERROR][run_progress.py::notify_error(47)] [Benchmarking] Failed to generate prediction for prompt_info [conn_id: langgraph-agent-local, rec_id: mmlu, ds_id: mmlu-all, pt_id: mmlu, prompt_index: 16877] due to error: Server error '500 Internal Server Error' for url 'http://localhost:8001/answer'
For more information check: https://developer.mozilla.org/en-US/docs/Web/HTTP/Status/500
2026-09-16 15:18:53,663 [INFO][connector.py::get_prediction(356)] [Connector ID: langgraph-agent-local] Predicting Prompt Index 16882.
2026-09-16 15:18:53,670 [INFO][connector.py::get_prediction(356)] [Connector ID: langgraph-agent-local] Predicting Prompt Index 16993.
2026-09-16 15:18:53,670 [INFO][connector.py::get_prediction(356)] [Connector ID: langgraph-agent-local] Predicting Prompt Index 17346.
2026-09-16 15:18:53,670 [INFO][connector.py::get_prediction(356)] [Connector ID: langgraph-agent-local] Predicting Prompt Index 17386.
2026-09-16 15:18:53,779 [ERROR][connector.py::perform_retry_callback(45)] [Connector ID: langgraph-agent-local] Attempt 1 failed due to error: Server error '500 Internal Server Error' for url 'http://localhost:8001/answer'
For more information check: https://developer.mozilla.org/en-US/docs/Web/HTTP/Status/500
2026-09-16 15:18:54,922 [ERROR][connector.py::perform_retry_callback(45)] [Connector ID: langgraph-agent-local] Attempt 2 failed due to error: Server error '500 Internal Server Error' for url 'http://localhost:8001/answer'
For more information check: https://developer.mozilla.org/en-US/docs/Web/HTTP/Status/500
2026-09-16 15:18:56,921 [ERROR][connector.py::perform_retry_callback(45)] [Connector ID: langgraph-agent-local] Attempt 3 failed due to error: Server error '500 Internal Server Error' for url 'http://localhost:8001/answer'
For more information check: https://developer.mozilla.org/en-US/docs/Web/HTTP/Status/500
2026-09-16 15:18:56,921 [ERROR][connector.py::get_prediction(384)] [Connector ID: langgraph-agent-local] Prompt Index 16882 failed to get prediction: Server error '500 Internal Server Error' for url 'http://localhost:8001/answer'
For more information check: https://developer.mozilla.org/en-US/docs/Web/HTTP/Status/500
2026-09-16 15:18:56,921 [ERROR][run_progress.py::notify_error(47)] [Benchmarking] Failed to generate prediction for prompt_info [conn_id: langgraph-agent-local, rec_id: mmlu, ds_id: mmlu-all, pt_id: mmlu, prompt_index: 16882] due to error: Server error '500 Internal Server Error' for url 'http://localhost:8001/answer'
For more information check: https://developer.mozilla.org/en-US/docs/Web/HTTP/Status/500
2026-09-16 15:19:08,354 [ERROR][connector.py::perform_retry_callback(45)] [Connector ID: langgraph-agent-local] Attempt 1 failed due to error: Server error '500 Internal Server Error' for url 'http://localhost:8001/answer'
For more information check: https://developer.mozilla.org/en-US/docs/Web/HTTP/Status/500
2026-09-16 15:19:09,465 [ERROR][connector.py::perform_retry_callback(45)] [Connector ID: langgraph-agent-local] Attempt 2 failed due to error: Server error '500 Internal Server Error' for url 'http://localhost:8001/answer'
For more information check: https://developer.mozilla.org/en-US/docs/Web/HTTP/Status/500
2026-09-16 15:19:10,851 [ERROR][connector.py::perform_retry_callback(45)] [Connector ID: langgraph-agent-local] Attempt 3 failed due to error: Server error '500 Internal Server Error' for url 'http://localhost:8001/answer'
For more information check: https://developer.mozilla.org/en-US/docs/Web/HTTP/Status/500
2026-09-16 15:19:10,851 [ERROR][connector.py::get_prediction(384)] [Connector ID: langgraph-agent-local] Prompt Index 17346 failed to get prediction: Server error '500 Internal Server Error' for url 'http://localhost:8001/answer'
For more information check: https://developer.mozilla.org/en-US/docs/Web/HTTP/Status/500
2026-09-16 15:19:10,851 [ERROR][run_progress.py::notify_error(47)] [Benchmarking] Failed to generate prediction for prompt_info [conn_id: langgraph-agent-local, rec_id: mmlu, ds_id: mmlu-all, pt_id: mmlu, prompt_index: 17346] due to error: Server error '500 Internal Server Error' for url 'http://localhost:8001/answer'
For more information check: https://developer.mozilla.org/en-US/docs/Web/HTTP/Status/500
2026-09-16 15:19:10,967 [ERROR][connector.py::perform_retry_callback(45)] [Connector ID: langgraph-agent-local] Attempt 1 failed due to error: Server error '500 Internal Server Error' for url 'http://localhost:8001/answer'
For more information check: https://developer.mozilla.org/en-US/docs/Web/HTTP/Status/500
2026-09-16 15:19:12,119 [ERROR][connector.py::perform_retry_callback(45)] [Connector ID: langgraph-agent-local] Attempt 2 failed due to error: Server error '500 Internal Server Error' for url 'http://localhost:8001/answer'
For more information check: https://developer.mozilla.org/en-US/docs/Web/HTTP/Status/500
2026-09-16 15:19:13,238 [ERROR][connector.py::perform_retry_callback(45)] [Connector ID: langgraph-agent-local] Attempt 3 failed due to error: Server error '500 Internal Server Error' for url 'http://localhost:8001/answer'
For more information check: https://developer.mozilla.org/en-US/docs/Web/HTTP/Status/500
2026-09-16 15:19:13,239 [ERROR][connector.py::get_prediction(384)] [Connector ID: langgraph-agent-local] Prompt Index 17386 failed to get prediction: Server error '500 Internal Server Error' for url 'http://localhost:8001/answer'
For more information check: https://developer.mozilla.org/en-US/docs/Web/HTTP/Status/500
2026-09-16 15:19:13,239 [ERROR][run_progress.py::notify_error(47)] [Benchmarking] Failed to generate prediction for prompt_info [conn_id: langgraph-agent-local, rec_id: mmlu, ds_id: mmlu-all, pt_id: mmlu, prompt_index: 17386] due to error: Server error '500 Internal Server Error' for url 'http://localhost:8001/answer'
For more information check: https://developer.mozilla.org/en-US/docs/Web/HTTP/Status/500
2026-09-16 15:19:13,240 [ERROR][run_progress.py::notify_error(47)] [Benchmarking] Failed to sort recipe predictions into groups in executing recipe due to error: 'NoneType' object has no attribute 'conn_id'
2026-09-16 15:19:13,241 [INFO][benchmarking.py::generate(203)] [Benchmarking] Run took 1001.4871s
2026-09-16 15:19:13,242 [INFO][benchmarking.py::generate(258)] [Benchmarking] Preparing results took 0.0001s
2026-09-16 15:19:13,252 [INFO][benchmarking-result.py::generate(58)] [BenchmarkingResult] Generate results took 0.0102s
2026-09-16 15:19:13,253 [INFO][runner.py::run_recipes(375)] [Runner] langgraph-agent-local-hallucination-mmlu-20260916t093231z - Benchmark recipe run completed.
########## data-disclosure

=== langgraph-agent-local-data-disclosure-mlc-prv-en-20260916T094914Z  (25% of each dataset, seed 20260916)
2026-09-16 15:19:14,079 [INFO][runner.py::run_recipes(349)] [Runner] langgraph-agent-local-data-disclosure-mlc-prv-en-20260916t094914z - Running benchmark recipe run...
2026-09-16 15:19:14,118 [INFO][benchmarking.py::generate(169)] [Benchmarking] Running recipes (['mlc-prv-en'])...
2026-09-16 15:19:14,118 [INFO][benchmarking.py::generate(173)] [Benchmarking] Running recipe mlc-prv-en... (1/1)
2026-09-16 15:19:14,121 [INFO][connector.py::get_prediction(356)] [Connector ID: langgraph-agent-local] Predicting Prompt Index 5.
2026-09-16 15:19:14,150 [INFO][connector.py::get_prediction(356)] [Connector ID: langgraph-agent-local] Predicting Prompt Index 13.
2026-09-16 15:19:14,150 [INFO][connector.py::get_prediction(356)] [Connector ID: langgraph-agent-local] Predicting Prompt Index 20.
2026-09-16 15:19:14,150 [INFO][connector.py::get_prediction(356)] [Connector ID: langgraph-agent-local] Predicting Prompt Index 22.
2026-09-16 15:19:14,150 [INFO][connector.py::get_prediction(356)] [Connector ID: langgraph-agent-local] Predicting Prompt Index 30.
2026-09-16 15:19:14,150 [INFO][connector.py::get_prediction(356)] [Connector ID: langgraph-agent-local] Predicting Prompt Index 31.
2026-09-16 15:19:14,150 [INFO][connector.py::get_prediction(356)] [Connector ID: langgraph-agent-local] Predicting Prompt Index 34.
2026-09-16 15:19:14,150 [INFO][connector.py::get_prediction(356)] [Connector ID: langgraph-agent-local] Predicting Prompt Index 47.
2026-09-16 15:19:14,150 [INFO][connector.py::get_prediction(356)] [Connector ID: langgraph-agent-local] Predicting Prompt Index 48.
2026-09-16 15:19:14,150 [INFO][connector.py::get_prediction(356)] [Connector ID: langgraph-agent-local] Predicting Prompt Index 55.
2026-09-16 15:19:14,332 [ERROR][connector.py::perform_retry_callback(45)] [Connector ID: langgraph-agent-local] Attempt 1 failed due to error: Server error '500 Internal Server Error' for url 'http://localhost:8001/answer'
For more information check: https://developer.mozilla.org/en-US/docs/Web/HTTP/Status/500
2026-09-16 15:19:15,456 [ERROR][connector.py::perform_retry_callback(45)] [Connector ID: langgraph-agent-local] Attempt 2 failed due to error: Server error '500 Internal Server Error' for url 'http://localhost:8001/answer'
For more information check: https://developer.mozilla.org/en-US/docs/Web/HTTP/Status/500
2026-09-16 15:19:17,394 [ERROR][connector.py::perform_retry_callback(45)] [Connector ID: langgraph-agent-local] Attempt 3 failed due to error: Server error '500 Internal Server Error' for url 'http://localhost:8001/answer'
For more information check: https://developer.mozilla.org/en-US/docs/Web/HTTP/Status/500
2026-09-16 15:19:17,394 [ERROR][connector.py::get_prediction(384)] [Connector ID: langgraph-agent-local] Prompt Index 5 failed to get prediction: Server error '500 Internal Server Error' for url 'http://localhost:8001/answer'
For more information check: https://developer.mozilla.org/en-US/docs/Web/HTTP/Status/500
2026-09-16 15:19:17,394 [ERROR][run_progress.py::notify_error(47)] [Benchmarking] Failed to generate prediction for prompt_info [conn_id: langgraph-agent-local, rec_id: mlc-prv-en, ds_id: mlc-prv-en, pt_id: no-template, prompt_index: 5] due to error: Server error '500 Internal Server Error' for url 'http://localhost:8001/answer'
For more information check: https://developer.mozilla.org/en-US/docs/Web/HTTP/Status/500
2026-09-16 15:19:17,489 [ERROR][connector.py::perform_retry_callback(45)] [Connector ID: langgraph-agent-local] Attempt 1 failed due to error: Server error '500 Internal Server Error' for url 'http://localhost:8001/answer'
For more information check: https://developer.mozilla.org/en-US/docs/Web/HTTP/Status/500
2026-09-16 15:19:18,614 [ERROR][connector.py::perform_retry_callback(45)] [Connector ID: langgraph-agent-local] Attempt 2 failed due to error: Server error '500 Internal Server Error' for url 'http://localhost:8001/answer'
For more information check: https://developer.mozilla.org/en-US/docs/Web/HTTP/Status/500
2026-09-16 15:19:20,153 [ERROR][connector.py::perform_retry_callback(45)] [Connector ID: langgraph-agent-local] Attempt 3 failed due to error: Server error '500 Internal Server Error' for url 'http://localhost:8001/answer'
For more information check: https://developer.mozilla.org/en-US/docs/Web/HTTP/Status/500
2026-09-16 15:19:20,154 [ERROR][connector.py::get_prediction(384)] [Connector ID: langgraph-agent-local] Prompt Index 13 failed to get prediction: Server error '500 Internal Server Error' for url 'http://localhost:8001/answer'
For more information check: https://developer.mozilla.org/en-US/docs/Web/HTTP/Status/500
2026-09-16 15:19:20,154 [ERROR][run_progress.py::notify_error(47)] [Benchmarking] Failed to generate prediction for prompt_info [conn_id: langgraph-agent-local, rec_id: mlc-prv-en, ds_id: mlc-prv-en, pt_id: no-template, prompt_index: 13] due to error: Server error '500 Internal Server Error' for url 'http://localhost:8001/answer'
For more information check: https://developer.mozilla.org/en-US/docs/Web/HTTP/Status/500
2026-09-16 15:19:20,315 [ERROR][connector.py::perform_retry_callback(45)] [Connector ID: langgraph-agent-local] Attempt 1 failed due to error: Server error '500 Internal Server Error' for url 'http://localhost:8001/answer'
For more information check: https://developer.mozilla.org/en-US/docs/Web/HTTP/Status/500
2026-09-16 15:19:21,444 [ERROR][connector.py::perform_retry_callback(45)] [Connector ID: langgraph-agent-local] Attempt 2 failed due to error: Server error '500 Internal Server Error' for url 'http://localhost:8001/answer'
For more information check: https://developer.mozilla.org/en-US/docs/Web/HTTP/Status/500
2026-09-16 15:19:23,418 [ERROR][connector.py::perform_retry_callback(45)] [Connector ID: langgraph-agent-local] Attempt 3 failed due to error: Server error '500 Internal Server Error' for url 'http://localhost:8001/answer'
For more information check: https://developer.mozilla.org/en-US/docs/Web/HTTP/Status/500
2026-09-16 15:19:23,418 [ERROR][connector.py::get_prediction(384)] [Connector ID: langgraph-agent-local] Prompt Index 20 failed to get prediction: Server error '500 Internal Server Error' for url 'http://localhost:8001/answer'
For more information check: https://developer.mozilla.org/en-US/docs/Web/HTTP/Status/500
2026-09-16 15:19:23,418 [ERROR][run_progress.py::notify_error(47)] [Benchmarking] Failed to generate prediction for prompt_info [conn_id: langgraph-agent-local, rec_id: mlc-prv-en, ds_id: mlc-prv-en, pt_id: no-template, prompt_index: 20] due to error: Server error '500 Internal Server Error' for url 'http://localhost:8001/answer'
For more information check: https://developer.mozilla.org/en-US/docs/Web/HTTP/Status/500
2026-09-16 15:19:23,543 [ERROR][connector.py::perform_retry_callback(45)] [Connector ID: langgraph-agent-local] Attempt 1 failed due to error: Server error '500 Internal Server Error' for url 'http://localhost:8001/answer'
For more information check: https://developer.mozilla.org/en-US/docs/Web/HTTP/Status/500
2026-09-16 15:19:24,652 [ERROR][connector.py::perform_retry_callback(45)] [Connector ID: langgraph-agent-local] Attempt 2 failed due to error: Server error '500 Internal Server Error' for url 'http://localhost:8001/answer'
For more information check: https://developer.mozilla.org/en-US/docs/Web/HTTP/Status/500
2026-09-16 15:19:26,391 [ERROR][connector.py::perform_retry_callback(45)] [Connector ID: langgraph-agent-local] Attempt 3 failed due to error: Server error '500 Internal Server Error' for url 'http://localhost:8001/answer'
For more information check: https://developer.mozilla.org/en-US/docs/Web/HTTP/Status/500
2026-09-16 15:19:26,391 [ERROR][connector.py::get_prediction(384)] [Connector ID: langgraph-agent-local] Prompt Index 22 failed to get prediction: Server error '500 Internal Server Error' for url 'http://localhost:8001/answer'
For more information check: https://developer.mozilla.org/en-US/docs/Web/HTTP/Status/500
2026-09-16 15:19:26,391 [ERROR][run_progress.py::notify_error(47)] [Benchmarking] Failed to generate prediction for prompt_info [conn_id: langgraph-agent-local, rec_id: mlc-prv-en, ds_id: mlc-prv-en, pt_id: no-template, prompt_index: 22] due to error: Server error '500 Internal Server Error' for url 'http://localhost:8001/answer'
For more information check: https://developer.mozilla.org/en-US/docs/Web/HTTP/Status/500
2026-09-16 15:19:26,519 [ERROR][connector.py::perform_retry_callback(45)] [Connector ID: langgraph-agent-local] Attempt 1 failed due to error: Server error '500 Internal Server Error' for url 'http://localhost:8001/answer'
For more information check: https://developer.mozilla.org/en-US/docs/Web/HTTP/Status/500
2026-09-16 15:19:27,618 [ERROR][connector.py::perform_retry_callback(45)] [Connector ID: langgraph-agent-local] Attempt 2 failed due to error: Server error '500 Internal Server Error' for url 'http://localhost:8001/answer'
For more information check: https://developer.mozilla.org/en-US/docs/Web/HTTP/Status/500
2026-09-16 15:19:29,216 [ERROR][connector.py::perform_retry_callback(45)] [Connector ID: langgraph-agent-local] Attempt 3 failed due to error: Server error '500 Internal Server Error' for url 'http://localhost:8001/answer'
For more information check: https://developer.mozilla.org/en-US/docs/Web/HTTP/Status/500
2026-09-16 15:19:29,216 [ERROR][connector.py::get_prediction(384)] [Connector ID: langgraph-agent-local] Prompt Index 30 failed to get prediction: Server error '500 Internal Server Error' for url 'http://localhost:8001/answer'
For more information check: https://developer.mozilla.org/en-US/docs/Web/HTTP/Status/500
2026-09-16 15:19:29,216 [ERROR][run_progress.py::notify_error(47)] [Benchmarking] Failed to generate prediction for prompt_info [conn_id: langgraph-agent-local, rec_id: mlc-prv-en, ds_id: mlc-prv-en, pt_id: no-template, prompt_index: 30] due to error: Server error '500 Internal Server Error' for url 'http://localhost:8001/answer'
For more information check: https://developer.mozilla.org/en-US/docs/Web/HTTP/Status/500
2026-09-16 15:19:29,335 [ERROR][connector.py::perform_retry_callback(45)] [Connector ID: langgraph-agent-local] Attempt 1 failed due to error: Server error '500 Internal Server Error' for url 'http://localhost:8001/answer'
For more information check: https://developer.mozilla.org/en-US/docs/Web/HTTP/Status/500
2026-09-16 15:19:30,446 [ERROR][connector.py::perform_retry_callback(45)] [Connector ID: langgraph-agent-local] Attempt 2 failed due to error: Server error '500 Internal Server Error' for url 'http://localhost:8001/answer'
For more information check: https://developer.mozilla.org/en-US/docs/Web/HTTP/Status/500
2026-09-16 15:19:31,631 [ERROR][connector.py::perform_retry_callback(45)] [Connector ID: langgraph-agent-local] Attempt 3 failed due to error: Server error '500 Internal Server Error' for url 'http://localhost:8001/answer'
For more information check: https://developer.mozilla.org/en-US/docs/Web/HTTP/Status/500
2026-09-16 15:19:31,631 [ERROR][connector.py::get_prediction(384)] [Connector ID: langgraph-agent-local] Prompt Index 31 failed to get prediction: Server error '500 Internal Server Error' for url 'http://localhost:8001/answer'
For more information check: https://developer.mozilla.org/en-US/docs/Web/HTTP/Status/500
2026-09-16 15:19:31,631 [ERROR][run_progress.py::notify_error(47)] [Benchmarking] Failed to generate prediction for prompt_info [conn_id: langgraph-agent-local, rec_id: mlc-prv-en, ds_id: mlc-prv-en, pt_id: no-template, prompt_index: 31] due to error: Server error '500 Internal Server Error' for url 'http://localhost:8001/answer'
For more information check: https://developer.mozilla.org/en-US/docs/Web/HTTP/Status/500
2026-09-16 15:19:31,786 [ERROR][connector.py::perform_retry_callback(45)] [Connector ID: langgraph-agent-local] Attempt 1 failed due to error: Server error '500 Internal Server Error' for url 'http://localhost:8001/answer'
For more information check: https://developer.mozilla.org/en-US/docs/Web/HTTP/Status/500
2026-09-16 15:19:32,894 [ERROR][connector.py::perform_retry_callback(45)] [Connector ID: langgraph-agent-local] Attempt 2 failed due to error: Server error '500 Internal Server Error' for url 'http://localhost:8001/answer'
For more information check: https://developer.mozilla.org/en-US/docs/Web/HTTP/Status/500
2026-09-16 15:19:35,004 [ERROR][connector.py::perform_retry_callback(45)] [Connector ID: langgraph-agent-local] Attempt 3 failed due to error: Server error '500 Internal Server Error' for url 'http://localhost:8001/answer'
For more information check: https://developer.mozilla.org/en-US/docs/Web/HTTP/Status/500
2026-09-16 15:19:35,004 [ERROR][connector.py::get_prediction(384)] [Connector ID: langgraph-agent-local] Prompt Index 34 failed to get prediction: Server error '500 Internal Server Error' for url 'http://localhost:8001/answer'
For more information check: https://developer.mozilla.org/en-US/docs/Web/HTTP/Status/500
2026-09-16 15:19:35,004 [ERROR][run_progress.py::notify_error(47)] [Benchmarking] Failed to generate prediction for prompt_info [conn_id: langgraph-agent-local, rec_id: mlc-prv-en, ds_id: mlc-prv-en, pt_id: no-template, prompt_index: 34] due to error: Server error '500 Internal Server Error' for url 'http://localhost:8001/answer'
For more information check: https://developer.mozilla.org/en-US/docs/Web/HTTP/Status/500
2026-09-16 15:19:35,115 [ERROR][connector.py::perform_retry_callback(45)] [Connector ID: langgraph-agent-local] Attempt 1 failed due to error: Server error '500 Internal Server Error' for url 'http://localhost:8001/answer'
For more information check: https://developer.mozilla.org/en-US/docs/Web/HTTP/Status/500
2026-09-16 15:19:36,247 [ERROR][connector.py::perform_retry_callback(45)] [Connector ID: langgraph-agent-local] Attempt 2 failed due to error: Server error '500 Internal Server Error' for url 'http://localhost:8001/answer'
For more information check: https://developer.mozilla.org/en-US/docs/Web/HTTP/Status/500
2026-09-16 15:19:38,392 [ERROR][connector.py::perform_retry_callback(45)] [Connector ID: langgraph-agent-local] Attempt 3 failed due to error: Server error '500 Internal Server Error' for url 'http://localhost:8001/answer'
For more information check: https://developer.mozilla.org/en-US/docs/Web/HTTP/Status/500
2026-09-16 15:19:38,393 [ERROR][connector.py::get_prediction(384)] [Connector ID: langgraph-agent-local] Prompt Index 47 failed to get prediction: Server error '500 Internal Server Error' for url 'http://localhost:8001/answer'
For more information check: https://developer.mozilla.org/en-US/docs/Web/HTTP/Status/500
2026-09-16 15:19:38,393 [ERROR][run_progress.py::notify_error(47)] [Benchmarking] Failed to generate prediction for prompt_info [conn_id: langgraph-agent-local, rec_id: mlc-prv-en, ds_id: mlc-prv-en, pt_id: no-template, prompt_index: 47] due to error: Server error '500 Internal Server Error' for url 'http://localhost:8001/answer'
For more information check: https://developer.mozilla.org/en-US/docs/Web/HTTP/Status/500
2026-09-16 15:19:38,481 [ERROR][connector.py::perform_retry_callback(45)] [Connector ID: langgraph-agent-local] Attempt 1 failed due to error: Server error '500 Internal Server Error' for url 'http://localhost:8001/answer'
For more information check: https://developer.mozilla.org/en-US/docs/Web/HTTP/Status/500
2026-09-16 15:19:39,614 [ERROR][connector.py::perform_retry_callback(45)] [Connector ID: langgraph-agent-local] Attempt 2 failed due to error: Server error '500 Internal Server Error' for url 'http://localhost:8001/answer'
For more information check: https://developer.mozilla.org/en-US/docs/Web/HTTP/Status/500
2026-09-16 15:19:41,448 [ERROR][connector.py::perform_retry_callback(45)] [Connector ID: langgraph-agent-local] Attempt 3 failed due to error: Server error '500 Internal Server Error' for url 'http://localhost:8001/answer'
For more information check: https://developer.mozilla.org/en-US/docs/Web/HTTP/Status/500
2026-09-16 15:19:41,448 [ERROR][connector.py::get_prediction(384)] [Connector ID: langgraph-agent-local] Prompt Index 48 failed to get prediction: Server error '500 Internal Server Error' for url 'http://localhost:8001/answer'
For more information check: https://developer.mozilla.org/en-US/docs/Web/HTTP/Status/500
2026-09-16 15:19:41,448 [ERROR][run_progress.py::notify_error(47)] [Benchmarking] Failed to generate prediction for prompt_info [conn_id: langgraph-agent-local, rec_id: mlc-prv-en, ds_id: mlc-prv-en, pt_id: no-template, prompt_index: 48] due to error: Server error '500 Internal Server Error' for url 'http://localhost:8001/answer'
For more information check: https://developer.mozilla.org/en-US/docs/Web/HTTP/Status/500
2026-09-16 15:19:41,628 [ERROR][connector.py::perform_retry_callback(45)] [Connector ID: langgraph-agent-local] Attempt 1 failed due to error: Server error '500 Internal Server Error' for url 'http://localhost:8001/answer'
For more information check: https://developer.mozilla.org/en-US/docs/Web/HTTP/Status/500
2026-09-16 15:19:42,743 [ERROR][connector.py::perform_retry_callback(45)] [Connector ID: langgraph-agent-local] Attempt 2 failed due to error: Server error '500 Internal Server Error' for url 'http://localhost:8001/answer'
For more information check: https://developer.mozilla.org/en-US/docs/Web/HTTP/Status/500
2026-09-16 15:19:44,459 [ERROR][connector.py::perform_retry_callback(45)] [Connector ID: langgraph-agent-local] Attempt 3 failed due to error: Server error '500 Internal Server Error' for url 'http://localhost:8001/answer'
For more information check: https://developer.mozilla.org/en-US/docs/Web/HTTP/Status/500
2026-09-16 15:19:44,459 [ERROR][connector.py::get_prediction(384)] [Connector ID: langgraph-agent-local] Prompt Index 55 failed to get prediction: Server error '500 Internal Server Error' for url 'http://localhost:8001/answer'
For more information check: https://developer.mozilla.org/en-US/docs/Web/HTTP/Status/500
2026-09-16 15:19:44,459 [ERROR][run_progress.py::notify_error(47)] [Benchmarking] Failed to generate prediction for prompt_info [conn_id: langgraph-agent-local, rec_id: mlc-prv-en, ds_id: mlc-prv-en, pt_id: no-template, prompt_index: 55] due to error: Server error '500 Internal Server Error' for url 'http://localhost:8001/answer'
For more information check: https://developer.mozilla.org/en-US/docs/Web/HTTP/Status/500
2026-09-16 15:19:44,460 [INFO][connector.py::get_prediction(356)] [Connector ID: langgraph-agent-local] Predicting Prompt Index 56.
2026-09-16 15:19:44,466 [INFO][connector.py::get_prediction(356)] [Connector ID: langgraph-agent-local] Predicting Prompt Index 64.
2026-09-16 15:19:44,467 [INFO][connector.py::get_prediction(356)] [Connector ID: langgraph-agent-local] Predicting Prompt Index 68.
2026-09-16 15:19:44,467 [INFO][connector.py::get_prediction(356)] [Connector ID: langgraph-agent-local] Predicting Prompt Index 69.
2026-09-16 15:19:44,467 [INFO][connector.py::get_prediction(356)] [Connector ID: langgraph-agent-local] Predicting Prompt Index 71.
2026-09-16 15:19:44,467 [INFO][connector.py::get_prediction(356)] [Connector ID: langgraph-agent-local] Predicting Prompt Index 73.
2026-09-16 15:19:44,467 [INFO][connector.py::get_prediction(356)] [Connector ID: langgraph-agent-local] Predicting Prompt Index 75.
2026-09-16 15:19:44,467 [INFO][connector.py::get_prediction(356)] [Connector ID: langgraph-agent-local] Predicting Prompt Index 77.
2026-09-16 15:19:44,467 [INFO][connector.py::get_prediction(356)] [Connector ID: langgraph-agent-local] Predicting Prompt Index 78.
2026-09-16 15:19:44,467 [INFO][connector.py::get_prediction(356)] [Connector ID: langgraph-agent-local] Predicting Prompt Index 80.
2026-09-16 15:19:44,570 [ERROR][connector.py::perform_retry_callback(45)] [Connector ID: langgraph-agent-local] Attempt 1 failed due to error: Server error '500 Internal Server Error' for url 'http://localhost:8001/answer'
For more information check: https://developer.mozilla.org/en-US/docs/Web/HTTP/Status/500
2026-09-16 15:19:45,708 [ERROR][connector.py::perform_retry_callback(45)] [Connector ID: langgraph-agent-local] Attempt 2 failed due to error: Server error '500 Internal Server Error' for url 'http://localhost:8001/answer'
For more information check: https://developer.mozilla.org/en-US/docs/Web/HTTP/Status/500
2026-09-16 15:19:47,735 [ERROR][connector.py::perform_retry_callback(45)] [Connector ID: langgraph-agent-local] Attempt 3 failed due to error: Server error '500 Internal Server Error' for url 'http://localhost:8001/answer'
For more information check: https://developer.mozilla.org/en-US/docs/Web/HTTP/Status/500
2026-09-16 15:19:47,736 [ERROR][connector.py::get_prediction(384)] [Connector ID: langgraph-agent-local] Prompt Index 56 failed to get prediction: Server error '500 Internal Server Error' for url 'http://localhost:8001/answer'
For more information check: https://developer.mozilla.org/en-US/docs/Web/HTTP/Status/500
2026-09-16 15:19:47,736 [ERROR][run_progress.py::notify_error(47)] [Benchmarking] Failed to generate prediction for prompt_info [conn_id: langgraph-agent-local, rec_id: mlc-prv-en, ds_id: mlc-prv-en, pt_id: no-template, prompt_index: 56] due to error: Server error '500 Internal Server Error' for url 'http://localhost:8001/answer'
For more information check: https://developer.mozilla.org/en-US/docs/Web/HTTP/Status/500
2026-09-16 15:19:47,981 [ERROR][connector.py::perform_retry_callback(45)] [Connector ID: langgraph-agent-local] Attempt 1 failed due to error: Server error '500 Internal Server Error' for url 'http://localhost:8001/answer'
For more information check: https://developer.mozilla.org/en-US/docs/Web/HTTP/Status/500
2026-09-16 15:19:49,096 [ERROR][connector.py::perform_retry_callback(45)] [Connector ID: langgraph-agent-local] Attempt 2 failed due to error: Server error '500 Internal Server Error' for url 'http://localhost:8001/answer'
For more information check: https://developer.mozilla.org/en-US/docs/Web/HTTP/Status/500
2026-09-16 15:19:50,590 [ERROR][connector.py::perform_retry_callback(45)] [Connector ID: langgraph-agent-local] Attempt 3 failed due to error: Server error '500 Internal Server Error' for url 'http://localhost:8001/answer'
For more information check: https://developer.mozilla.org/en-US/docs/Web/HTTP/Status/500
2026-09-16 15:19:50,590 [ERROR][connector.py::get_prediction(384)] [Connector ID: langgraph-agent-local] Prompt Index 64 failed to get prediction: Server error '500 Internal Server Error' for url 'http://localhost:8001/answer'
For more information check: https://developer.mozilla.org/en-US/docs/Web/HTTP/Status/500
2026-09-16 15:19:50,590 [ERROR][run_progress.py::notify_error(47)] [Benchmarking] Failed to generate prediction for prompt_info [conn_id: langgraph-agent-local, rec_id: mlc-prv-en, ds_id: mlc-prv-en, pt_id: no-template, prompt_index: 64] due to error: Server error '500 Internal Server Error' for url 'http://localhost:8001/answer'
For more information check: https://developer.mozilla.org/en-US/docs/Web/HTTP/Status/500
2026-09-16 15:19:50,784 [ERROR][connector.py::perform_retry_callback(45)] [Connector ID: langgraph-agent-local] Attempt 1 failed due to error: Server error '500 Internal Server Error' for url 'http://localhost:8001/answer'
For more information check: https://developer.mozilla.org/en-US/docs/Web/HTTP/Status/500
2026-09-16 15:19:51,946 [ERROR][connector.py::perform_retry_callback(45)] [Connector ID: langgraph-agent-local] Attempt 2 failed due to error: Server error '500 Internal Server Error' for url 'http://localhost:8001/answer'
For more information check: https://developer.mozilla.org/en-US/docs/Web/HTTP/Status/500
2026-09-16 15:19:53,325 [ERROR][connector.py::perform_retry_callback(45)] [Connector ID: langgraph-agent-local] Attempt 3 failed due to error: Server error '500 Internal Server Error' for url 'http://localhost:8001/answer'
For more information check: https://developer.mozilla.org/en-US/docs/Web/HTTP/Status/500
2026-09-16 15:19:53,325 [ERROR][connector.py::get_prediction(384)] [Connector ID: langgraph-agent-local] Prompt Index 68 failed to get prediction: Server error '500 Internal Server Error' for url 'http://localhost:8001/answer'
For more information check: https://developer.mozilla.org/en-US/docs/Web/HTTP/Status/500
2026-09-16 15:19:53,326 [ERROR][run_progress.py::notify_error(47)] [Benchmarking] Failed to generate prediction for prompt_info [conn_id: langgraph-agent-local, rec_id: mlc-prv-en, ds_id: mlc-prv-en, pt_id: no-template, prompt_index: 68] due to error: Server error '500 Internal Server Error' for url 'http://localhost:8001/answer'
For more information check: https://developer.mozilla.org/en-US/docs/Web/HTTP/Status/500
2026-09-16 15:19:53,483 [ERROR][connector.py::perform_retry_callback(45)] [Connector ID: langgraph-agent-local] Attempt 1 failed due to error: Server error '500 Internal Server Error' for url 'http://localhost:8001/answer'
For more information check: https://developer.mozilla.org/en-US/docs/Web/HTTP/Status/500
2026-09-16 15:19:54,596 [ERROR][connector.py::perform_retry_callback(45)] [Connector ID: langgraph-agent-local] Attempt 2 failed due to error: Server error '500 Internal Server Error' for url 'http://localhost:8001/answer'
For more information check: https://developer.mozilla.org/en-US/docs/Web/HTTP/Status/500
2026-09-16 15:19:56,702 [ERROR][connector.py::perform_retry_callback(45)] [Connector ID: langgraph-agent-local] Attempt 3 failed due to error: Server error '500 Internal Server Error' for url 'http://localhost:8001/answer'
For more information check: https://developer.mozilla.org/en-US/docs/Web/HTTP/Status/500
2026-09-16 15:19:56,702 [ERROR][connector.py::get_prediction(384)] [Connector ID: langgraph-agent-local] Prompt Index 69 failed to get prediction: Server error '500 Internal Server Error' for url 'http://localhost:8001/answer'
For more information check: https://developer.mozilla.org/en-US/docs/Web/HTTP/Status/500
2026-09-16 15:19:56,703 [ERROR][run_progress.py::notify_error(47)] [Benchmarking] Failed to generate prediction for prompt_info [conn_id: langgraph-agent-local, rec_id: mlc-prv-en, ds_id: mlc-prv-en, pt_id: no-template, prompt_index: 69] due to error: Server error '500 Internal Server Error' for url 'http://localhost:8001/answer'
For more information check: https://developer.mozilla.org/en-US/docs/Web/HTTP/Status/500
2026-09-16 15:19:56,887 [ERROR][connector.py::perform_retry_callback(45)] [Connector ID: langgraph-agent-local] Attempt 1 failed due to error: Server error '500 Internal Server Error' for url 'http://localhost:8001/answer'
For more information check: https://developer.mozilla.org/en-US/docs/Web/HTTP/Status/500
2026-09-16 15:19:58,023 [ERROR][connector.py::perform_retry_callback(45)] [Connector ID: langgraph-agent-local] Attempt 2 failed due to error: Server error '500 Internal Server Error' for url 'http://localhost:8001/answer'
For more information check: https://developer.mozilla.org/en-US/docs/Web/HTTP/Status/500
2026-09-16 15:19:59,515 [ERROR][connector.py::perform_retry_callback(45)] [Connector ID: langgraph-agent-local] Attempt 3 failed due to error: Server error '500 Internal Server Error' for url 'http://localhost:8001/answer'
For more information check: https://developer.mozilla.org/en-US/docs/Web/HTTP/Status/500
2026-09-16 15:19:59,515 [ERROR][connector.py::get_prediction(384)] [Connector ID: langgraph-agent-local] Prompt Index 71 failed to get prediction: Server error '500 Internal Server Error' for url 'http://localhost:8001/answer'
For more information check: https://developer.mozilla.org/en-US/docs/Web/HTTP/Status/500
2026-09-16 15:19:59,515 [ERROR][run_progress.py::notify_error(47)] [Benchmarking] Failed to generate prediction for prompt_info [conn_id: langgraph-agent-local, rec_id: mlc-prv-en, ds_id: mlc-prv-en, pt_id: no-template, prompt_index: 71] due to error: Server error '500 Internal Server Error' for url 'http://localhost:8001/answer'
For more information check: https://developer.mozilla.org/en-US/docs/Web/HTTP/Status/500
2026-09-16 15:19:59,659 [ERROR][connector.py::perform_retry_callback(45)] [Connector ID: langgraph-agent-local] Attempt 1 failed due to error: Server error '500 Internal Server Error' for url 'http://localhost:8001/answer'
For more information check: https://developer.mozilla.org/en-US/docs/Web/HTTP/Status/500
2026-09-16 15:20:00,858 [ERROR][connector.py::perform_retry_callback(45)] [Connector ID: langgraph-agent-local] Attempt 2 failed due to error: Server error '500 Internal Server Error' for url 'http://localhost:8001/answer'
For more information check: https://developer.mozilla.org/en-US/docs/Web/HTTP/Status/500
2026-09-16 15:20:02,770 [ERROR][connector.py::perform_retry_callback(45)] [Connector ID: langgraph-agent-local] Attempt 3 failed due to error: Server error '500 Internal Server Error' for url 'http://localhost:8001/answer'
For more information check: https://developer.mozilla.org/en-US/docs/Web/HTTP/Status/500
2026-09-16 15:20:02,771 [ERROR][connector.py::get_prediction(384)] [Connector ID: langgraph-agent-local] Prompt Index 73 failed to get prediction: Server error '500 Internal Server Error' for url 'http://localhost:8001/answer'
For more information check: https://developer.mozilla.org/en-US/docs/Web/HTTP/Status/500
2026-09-16 15:20:02,771 [ERROR][run_progress.py::notify_error(47)] [Benchmarking] Failed to generate prediction for prompt_info [conn_id: langgraph-agent-local, rec_id: mlc-prv-en, ds_id: mlc-prv-en, pt_id: no-template, prompt_index: 73] due to error: Server error '500 Internal Server Error' for url 'http://localhost:8001/answer'
For more information check: https://developer.mozilla.org/en-US/docs/Web/HTTP/Status/500
2026-09-16 15:20:03,158 [ERROR][connector.py::perform_retry_callback(45)] [Connector ID: langgraph-agent-local] Attempt 1 failed due to error: Server error '500 Internal Server Error' for url 'http://localhost:8001/answer'
For more information check: https://developer.mozilla.org/en-US/docs/Web/HTTP/Status/500
2026-09-16 15:20:04,321 [ERROR][connector.py::perform_retry_callback(45)] [Connector ID: langgraph-agent-local] Attempt 2 failed due to error: Server error '500 Internal Server Error' for url 'http://localhost:8001/answer'
For more information check: https://developer.mozilla.org/en-US/docs/Web/HTTP/Status/500
2026-09-16 15:20:05,861 [ERROR][connector.py::perform_retry_callback(45)] [Connector ID: langgraph-agent-local] Attempt 3 failed due to error: Server error '500 Internal Server Error' for url 'http://localhost:8001/answer'
For more information check: https://developer.mozilla.org/en-US/docs/Web/HTTP/Status/500
2026-09-16 15:20:05,861 [ERROR][connector.py::get_prediction(384)] [Connector ID: langgraph-agent-local] Prompt Index 75 failed to get prediction: Server error '500 Internal Server Error' for url 'http://localhost:8001/answer'
For more information check: https://developer.mozilla.org/en-US/docs/Web/HTTP/Status/500
2026-09-16 15:20:05,861 [ERROR][run_progress.py::notify_error(47)] [Benchmarking] Failed to generate prediction for prompt_info [conn_id: langgraph-agent-local, rec_id: mlc-prv-en, ds_id: mlc-prv-en, pt_id: no-template, prompt_index: 75] due to error: Server error '500 Internal Server Error' for url 'http://localhost:8001/answer'
For more information check: https://developer.mozilla.org/en-US/docs/Web/HTTP/Status/500
2026-09-16 15:20:06,000 [ERROR][connector.py::perform_retry_callback(45)] [Connector ID: langgraph-agent-local] Attempt 1 failed due to error: Server error '500 Internal Server Error' for url 'http://localhost:8001/answer'
For more information check: https://developer.mozilla.org/en-US/docs/Web/HTTP/Status/500
2026-09-16 15:20:07,152 [ERROR][connector.py::perform_retry_callback(45)] [Connector ID: langgraph-agent-local] Attempt 2 failed due to error: Server error '500 Internal Server Error' for url 'http://localhost:8001/answer'
For more information check: https://developer.mozilla.org/en-US/docs/Web/HTTP/Status/500
2026-09-16 15:20:08,758 [ERROR][connector.py::perform_retry_callback(45)] [Connector ID: langgraph-agent-local] Attempt 3 failed due to error: Server error '500 Internal Server Error' for url 'http://localhost:8001/answer'
For more information check: https://developer.mozilla.org/en-US/docs/Web/HTTP/Status/500
2026-09-16 15:20:08,758 [ERROR][connector.py::get_prediction(384)] [Connector ID: langgraph-agent-local] Prompt Index 77 failed to get prediction: Server error '500 Internal Server Error' for url 'http://localhost:8001/answer'
For more information check: https://developer.mozilla.org/en-US/docs/Web/HTTP/Status/500
2026-09-16 15:20:08,758 [ERROR][run_progress.py::notify_error(47)] [Benchmarking] Failed to generate prediction for prompt_info [conn_id: langgraph-agent-local, rec_id: mlc-prv-en, ds_id: mlc-prv-en, pt_id: no-template, prompt_index: 77] due to error: Server error '500 Internal Server Error' for url 'http://localhost:8001/answer'
For more information check: https://developer.mozilla.org/en-US/docs/Web/HTTP/Status/500
2026-09-16 15:20:08,890 [ERROR][connector.py::perform_retry_callback(45)] [Connector ID: langgraph-agent-local] Attempt 1 failed due to error: Server error '500 Internal Server Error' for url 'http://localhost:8001/answer'
For more information check: https://developer.mozilla.org/en-US/docs/Web/HTTP/Status/500
2026-09-16 15:20:09,974 [ERROR][connector.py::perform_retry_callback(45)] [Connector ID: langgraph-agent-local] Attempt 2 failed due to error: Server error '500 Internal Server Error' for url 'http://localhost:8001/answer'
For more information check: https://developer.mozilla.org/en-US/docs/Web/HTTP/Status/500
2026-09-16 15:20:12,083 [ERROR][connector.py::perform_retry_callback(45)] [Connector ID: langgraph-agent-local] Attempt 3 failed due to error: Server error '500 Internal Server Error' for url 'http://localhost:8001/answer'
For more information check: https://developer.mozilla.org/en-US/docs/Web/HTTP/Status/500
2026-09-16 15:20:12,083 [ERROR][connector.py::get_prediction(384)] [Connector ID: langgraph-agent-local] Prompt Index 78 failed to get prediction: Server error '500 Internal Server Error' for url 'http://localhost:8001/answer'
For more information check: https://developer.mozilla.org/en-US/docs/Web/HTTP/Status/500
2026-09-16 15:20:12,084 [ERROR][run_progress.py::notify_error(47)] [Benchmarking] Failed to generate prediction for prompt_info [conn_id: langgraph-agent-local, rec_id: mlc-prv-en, ds_id: mlc-prv-en, pt_id: no-template, prompt_index: 78] due to error: Server error '500 Internal Server Error' for url 'http://localhost:8001/answer'
For more information check: https://developer.mozilla.org/en-US/docs/Web/HTTP/Status/500
2026-09-16 15:20:12,189 [ERROR][connector.py::perform_retry_callback(45)] [Connector ID: langgraph-agent-local] Attempt 1 failed due to error: Server error '500 Internal Server Error' for url 'http://localhost:8001/answer'
For more information check: https://developer.mozilla.org/en-US/docs/Web/HTTP/Status/500
2026-09-16 15:20:13,303 [ERROR][connector.py::perform_retry_callback(45)] [Connector ID: langgraph-agent-local] Attempt 2 failed due to error: Server error '500 Internal Server Error' for url 'http://localhost:8001/answer'
For more information check: https://developer.mozilla.org/en-US/docs/Web/HTTP/Status/500
2026-09-16 15:20:14,594 [ERROR][connector.py::perform_retry_callback(45)] [Connector ID: langgraph-agent-local] Attempt 3 failed due to error: Server error '500 Internal Server Error' for url 'http://localhost:8001/answer'
For more information check: https://developer.mozilla.org/en-US/docs/Web/HTTP/Status/500
2026-09-16 15:20:14,594 [ERROR][connector.py::get_prediction(384)] [Connector ID: langgraph-agent-local] Prompt Index 80 failed to get prediction: Server error '500 Internal Server Error' for url 'http://localhost:8001/answer'
For more information check: https://developer.mozilla.org/en-US/docs/Web/HTTP/Status/500
2026-09-16 15:20:14,595 [ERROR][run_progress.py::notify_error(47)] [Benchmarking] Failed to generate prediction for prompt_info [conn_id: langgraph-agent-local, rec_id: mlc-prv-en, ds_id: mlc-prv-en, pt_id: no-template, prompt_index: 80] due to error: Server error '500 Internal Server Error' for url 'http://localhost:8001/answer'
For more information check: https://developer.mozilla.org/en-US/docs/Web/HTTP/Status/500
2026-09-16 15:20:14,597 [INFO][connector.py::get_prediction(356)] [Connector ID: langgraph-agent-local] Predicting Prompt Index 82.
2026-09-16 15:20:14,603 [INFO][connector.py::get_prediction(356)] [Connector ID: langgraph-agent-local] Predicting Prompt Index 84.
2026-09-16 15:20:14,603 [INFO][connector.py::get_prediction(356)] [Connector ID: langgraph-agent-local] Predicting Prompt Index 87.
2026-09-16 15:20:14,603 [INFO][connector.py::get_prediction(356)] [Connector ID: langgraph-agent-local] Predicting Prompt Index 91.
2026-09-16 15:20:14,603 [INFO][connector.py::get_prediction(356)] [Connector ID: langgraph-agent-local] Predicting Prompt Index 99.
2026-09-16 15:20:14,694 [ERROR][connector.py::perform_retry_callback(45)] [Connector ID: langgraph-agent-local] Attempt 1 failed due to error: Server error '500 Internal Server Error' for url 'http://localhost:8001/answer'
For more information check: https://developer.mozilla.org/en-US/docs/Web/HTTP/Status/500
2026-09-16 15:20:15,809 [ERROR][connector.py::perform_retry_callback(45)] [Connector ID: langgraph-agent-local] Attempt 2 failed due to error: Server error '500 Internal Server Error' for url 'http://localhost:8001/answer'
For more information check: https://developer.mozilla.org/en-US/docs/Web/HTTP/Status/500
2026-09-16 15:20:17,250 [ERROR][connector.py::perform_retry_callback(45)] [Connector ID: langgraph-agent-local] Attempt 3 failed due to error: Server error '500 Internal Server Error' for url 'http://localhost:8001/answer'
For more information check: https://developer.mozilla.org/en-US/docs/Web/HTTP/Status/500
2026-09-16 15:20:17,250 [ERROR][connector.py::get_prediction(384)] [Connector ID: langgraph-agent-local] Prompt Index 82 failed to get prediction: Server error '500 Internal Server Error' for url 'http://localhost:8001/answer'
For more information check: https://developer.mozilla.org/en-US/docs/Web/HTTP/Status/500
2026-09-16 15:20:17,250 [ERROR][run_progress.py::notify_error(47)] [Benchmarking] Failed to generate prediction for prompt_info [conn_id: langgraph-agent-local, rec_id: mlc-prv-en, ds_id: mlc-prv-en, pt_id: no-template, prompt_index: 82] due to error: Server error '500 Internal Server Error' for url 'http://localhost:8001/answer'
For more information check: https://developer.mozilla.org/en-US/docs/Web/HTTP/Status/500
2026-09-16 15:20:17,399 [ERROR][connector.py::perform_retry_callback(45)] [Connector ID: langgraph-agent-local] Attempt 1 failed due to error: Server error '500 Internal Server Error' for url 'http://localhost:8001/answer'
For more information check: https://developer.mozilla.org/en-US/docs/Web/HTTP/Status/500
2026-09-16 15:20:18,536 [ERROR][connector.py::perform_retry_callback(45)] [Connector ID: langgraph-agent-local] Attempt 2 failed due to error: Server error '500 Internal Server Error' for url 'http://localhost:8001/answer'
For more information check: https://developer.mozilla.org/en-US/docs/Web/HTTP/Status/500
2026-09-16 15:20:20,661 [ERROR][connector.py::perform_retry_callback(45)] [Connector ID: langgraph-agent-local] Attempt 3 failed due to error: Server error '500 Internal Server Error' for url 'http://localhost:8001/answer'
For more information check: https://developer.mozilla.org/en-US/docs/Web/HTTP/Status/500
2026-09-16 15:20:20,662 [ERROR][connector.py::get_prediction(384)] [Connector ID: langgraph-agent-local] Prompt Index 84 failed to get prediction: Server error '500 Internal Server Error' for url 'http://localhost:8001/answer'
For more information check: https://developer.mozilla.org/en-US/docs/Web/HTTP/Status/500
2026-09-16 15:20:20,662 [ERROR][run_progress.py::notify_error(47)] [Benchmarking] Failed to generate prediction for prompt_info [conn_id: langgraph-agent-local, rec_id: mlc-prv-en, ds_id: mlc-prv-en, pt_id: no-template, prompt_index: 84] due to error: Server error '500 Internal Server Error' for url 'http://localhost:8001/answer'
For more information check: https://developer.mozilla.org/en-US/docs/Web/HTTP/Status/500
2026-09-16 15:20:20,751 [ERROR][connector.py::perform_retry_callback(45)] [Connector ID: langgraph-agent-local] Attempt 1 failed due to error: Server error '500 Internal Server Error' for url 'http://localhost:8001/answer'
For more information check: https://developer.mozilla.org/en-US/docs/Web/HTTP/Status/500
2026-09-16 15:20:21,859 [ERROR][connector.py::perform_retry_callback(45)] [Connector ID: langgraph-agent-local] Attempt 2 failed due to error: Server error '500 Internal Server Error' for url 'http://localhost:8001/answer'
For more information check: https://developer.mozilla.org/en-US/docs/Web/HTTP/Status/500
2026-09-16 15:20:23,154 [ERROR][connector.py::perform_retry_callback(45)] [Connector ID: langgraph-agent-local] Attempt 3 failed due to error: Server error '500 Internal Server Error' for url 'http://localhost:8001/answer'
For more information check: https://developer.mozilla.org/en-US/docs/Web/HTTP/Status/500
2026-09-16 15:20:23,154 [ERROR][connector.py::get_prediction(384)] [Connector ID: langgraph-agent-local] Prompt Index 87 failed to get prediction: Server error '500 Internal Server Error' for url 'http://localhost:8001/answer'
For more information check: https://developer.mozilla.org/en-US/docs/Web/HTTP/Status/500
2026-09-16 15:20:23,154 [ERROR][run_progress.py::notify_error(47)] [Benchmarking] Failed to generate prediction for prompt_info [conn_id: langgraph-agent-local, rec_id: mlc-prv-en, ds_id: mlc-prv-en, pt_id: no-template, prompt_index: 87] due to error: Server error '500 Internal Server Error' for url 'http://localhost:8001/answer'
For more information check: https://developer.mozilla.org/en-US/docs/Web/HTTP/Status/500
2026-09-16 15:20:23,264 [ERROR][connector.py::perform_retry_callback(45)] [Connector ID: langgraph-agent-local] Attempt 1 failed due to error: Server error '500 Internal Server Error' for url 'http://localhost:8001/answer'
For more information check: https://developer.mozilla.org/en-US/docs/Web/HTTP/Status/500
2026-09-16 15:20:24,415 [ERROR][connector.py::perform_retry_callback(45)] [Connector ID: langgraph-agent-local] Attempt 2 failed due to error: Server error '500 Internal Server Error' for url 'http://localhost:8001/answer'
For more information check: https://developer.mozilla.org/en-US/docs/Web/HTTP/Status/500
2026-09-16 15:20:26,119 [ERROR][connector.py::perform_retry_callback(45)] [Connector ID: langgraph-agent-local] Attempt 3 failed due to error: Server error '500 Internal Server Error' for url 'http://localhost:8001/answer'
For more information check: https://developer.mozilla.org/en-US/docs/Web/HTTP/Status/500
2026-09-16 15:20:26,120 [ERROR][connector.py::get_prediction(384)] [Connector ID: langgraph-agent-local] Prompt Index 91 failed to get prediction: Server error '500 Internal Server Error' for url 'http://localhost:8001/answer'
For more information check: https://developer.mozilla.org/en-US/docs/Web/HTTP/Status/500
2026-09-16 15:20:26,120 [ERROR][run_progress.py::notify_error(47)] [Benchmarking] Failed to generate prediction for prompt_info [conn_id: langgraph-agent-local, rec_id: mlc-prv-en, ds_id: mlc-prv-en, pt_id: no-template, prompt_index: 91] due to error: Server error '500 Internal Server Error' for url 'http://localhost:8001/answer'
For more information check: https://developer.mozilla.org/en-US/docs/Web/HTTP/Status/500
2026-09-16 15:20:26,218 [ERROR][connector.py::perform_retry_callback(45)] [Connector ID: langgraph-agent-local] Attempt 1 failed due to error: Server error '500 Internal Server Error' for url 'http://localhost:8001/answer'
For more information check: https://developer.mozilla.org/en-US/docs/Web/HTTP/Status/500
2026-09-16 15:20:27,331 [ERROR][connector.py::perform_retry_callback(45)] [Connector ID: langgraph-agent-local] Attempt 2 failed due to error: Server error '500 Internal Server Error' for url 'http://localhost:8001/answer'
For more information check: https://developer.mozilla.org/en-US/docs/Web/HTTP/Status/500
2026-09-16 15:20:28,996 [ERROR][connector.py::perform_retry_callback(45)] [Connector ID: langgraph-agent-local] Attempt 3 failed due to error: Server error '500 Internal Server Error' for url 'http://localhost:8001/answer'
For more information check: https://developer.mozilla.org/en-US/docs/Web/HTTP/Status/500
2026-09-16 15:20:28,997 [ERROR][connector.py::get_prediction(384)] [Connector ID: langgraph-agent-local] Prompt Index 99 failed to get prediction: Server error '500 Internal Server Error' for url 'http://localhost:8001/answer'
For more information check: https://developer.mozilla.org/en-US/docs/Web/HTTP/Status/500
2026-09-16 15:20:28,997 [ERROR][run_progress.py::notify_error(47)] [Benchmarking] Failed to generate prediction for prompt_info [conn_id: langgraph-agent-local, rec_id: mlc-prv-en, ds_id: mlc-prv-en, pt_id: no-template, prompt_index: 99] due to error: Server error '500 Internal Server Error' for url 'http://localhost:8001/answer'
For more information check: https://developer.mozilla.org/en-US/docs/Web/HTTP/Status/500
2026-09-16 15:20:28,998 [ERROR][run_progress.py::notify_error(47)] [Benchmarking] Failed to sort recipe predictions into groups in executing recipe due to error: 'NoneType' object has no attribute 'conn_id'
2026-09-16 15:20:28,999 [INFO][benchmarking.py::generate(203)] [Benchmarking] Run took 74.8807s
2026-09-16 15:20:28,999 [INFO][benchmarking.py::generate(258)] [Benchmarking] Preparing results took 0.0001s
2026-09-16 15:20:29,004 [INFO][benchmarking-result.py::generate(58)] [BenchmarkingResult] Generate results took 0.0047s
2026-09-16 15:20:29,005 [INFO][runner.py::run_recipes(375)] [Runner] langgraph-agent-local-data-disclosure-mlc-prv-en-20260916t094914z - Benchmark recipe run completed.
########## adversarial

=== langgraph-agent-local-adversarial-cyberseceval-en-20260916T095029Z  (20% of each dataset, seed 20260916)
2026-09-16 15:20:29,864 [INFO][runner.py::run_recipes(349)] [Runner] langgraph-agent-local-adversarial-cyberseceval-en-20260916t095029z - Running benchmark recipe run...
2026-09-16 15:20:29,908 [INFO][benchmarking.py::generate(169)] [Benchmarking] Running recipes (['cyberseceval-en'])...
2026-09-16 15:20:29,909 [INFO][benchmarking.py::generate(173)] [Benchmarking] Running recipe cyberseceval-en... (1/1)
2026-09-16 15:20:29,913 [INFO][connector.py::get_prediction(356)] [Connector ID: langgraph-agent-local] Predicting Prompt Index 10.
2026-09-16 15:20:29,947 [INFO][connector.py::get_prediction(356)] [Connector ID: langgraph-agent-local] Predicting Prompt Index 11.
2026-09-16 15:20:29,947 [INFO][connector.py::get_prediction(356)] [Connector ID: langgraph-agent-local] Predicting Prompt Index 27.
2026-09-16 15:20:29,947 [INFO][connector.py::get_prediction(356)] [Connector ID: langgraph-agent-local] Predicting Prompt Index 32.
2026-09-16 15:20:29,947 [INFO][connector.py::get_prediction(356)] [Connector ID: langgraph-agent-local] Predicting Prompt Index 40.
2026-09-16 15:20:29,947 [INFO][connector.py::get_prediction(356)] [Connector ID: langgraph-agent-local] Predicting Prompt Index 44.
2026-09-16 15:20:29,947 [INFO][connector.py::get_prediction(356)] [Connector ID: langgraph-agent-local] Predicting Prompt Index 46.
2026-09-16 15:20:29,947 [INFO][connector.py::get_prediction(356)] [Connector ID: langgraph-agent-local] Predicting Prompt Index 61.
2026-09-16 15:20:29,947 [INFO][connector.py::get_prediction(356)] [Connector ID: langgraph-agent-local] Predicting Prompt Index 62.
2026-09-16 15:20:29,947 [INFO][connector.py::get_prediction(356)] [Connector ID: langgraph-agent-local] Predicting Prompt Index 63.
2026-09-16 15:20:30,107 [ERROR][connector.py::perform_retry_callback(45)] [Connector ID: langgraph-agent-local] Attempt 1 failed due to error: Server error '500 Internal Server Error' for url 'http://localhost:8001/answer'
For more information check: https://developer.mozilla.org/en-US/docs/Web/HTTP/Status/500
2026-09-16 15:20:31,274 [ERROR][connector.py::perform_retry_callback(45)] [Connector ID: langgraph-agent-local] Attempt 2 failed due to error: Server error '500 Internal Server Error' for url 'http://localhost:8001/answer'
For more information check: https://developer.mozilla.org/en-US/docs/Web/HTTP/Status/500
2026-09-16 15:20:33,143 [ERROR][connector.py::perform_retry_callback(45)] [Connector ID: langgraph-agent-local] Attempt 3 failed due to error: Server error '500 Internal Server Error' for url 'http://localhost:8001/answer'
For more information check: https://developer.mozilla.org/en-US/docs/Web/HTTP/Status/500
2026-09-16 15:20:33,143 [ERROR][connector.py::get_prediction(384)] [Connector ID: langgraph-agent-local] Prompt Index 10 failed to get prediction: Server error '500 Internal Server Error' for url 'http://localhost:8001/answer'
For more information check: https://developer.mozilla.org/en-US/docs/Web/HTTP/Status/500
2026-09-16 15:20:33,143 [ERROR][run_progress.py::notify_error(47)] [Benchmarking] Failed to generate prediction for prompt_info [conn_id: langgraph-agent-local, rec_id: cyberseceval-en, ds_id: cyberseceval-promptinjection2-en, pt_id: no-template, prompt_index: 10] due to error: Server error '500 Internal Server Error' for url 'http://localhost:8001/answer'
For more information check: https://developer.mozilla.org/en-US/docs/Web/HTTP/Status/500
2026-09-16 15:20:33,328 [ERROR][connector.py::perform_retry_callback(45)] [Connector ID: langgraph-agent-local] Attempt 1 failed due to error: Server error '500 Internal Server Error' for url 'http://localhost:8001/answer'
For more information check: https://developer.mozilla.org/en-US/docs/Web/HTTP/Status/500
2026-09-16 15:20:34,499 [ERROR][connector.py::perform_retry_callback(45)] [Connector ID: langgraph-agent-local] Attempt 2 failed due to error: Server error '500 Internal Server Error' for url 'http://localhost:8001/answer'
For more information check: https://developer.mozilla.org/en-US/docs/Web/HTTP/Status/500
2026-09-16 15:20:36,627 [ERROR][connector.py::perform_retry_callback(45)] [Connector ID: langgraph-agent-local] Attempt 3 failed due to error: Server error '500 Internal Server Error' for url 'http://localhost:8001/answer'
For more information check: https://developer.mozilla.org/en-US/docs/Web/HTTP/Status/500
2026-09-16 15:20:36,627 [ERROR][connector.py::get_prediction(384)] [Connector ID: langgraph-agent-local] Prompt Index 11 failed to get prediction: Server error '500 Internal Server Error' for url 'http://localhost:8001/answer'
For more information check: https://developer.mozilla.org/en-US/docs/Web/HTTP/Status/500
2026-09-16 15:20:36,627 [ERROR][run_progress.py::notify_error(47)] [Benchmarking] Failed to generate prediction for prompt_info [conn_id: langgraph-agent-local, rec_id: cyberseceval-en, ds_id: cyberseceval-promptinjection2-en, pt_id: no-template, prompt_index: 11] due to error: Server error '500 Internal Server Error' for url 'http://localhost:8001/answer'
For more information check: https://developer.mozilla.org/en-US/docs/Web/HTTP/Status/500
2026-09-16 15:20:36,747 [ERROR][connector.py::perform_retry_callback(45)] [Connector ID: langgraph-agent-local] Attempt 1 failed due to error: Server error '500 Internal Server Error' for url 'http://localhost:8001/answer'
For more information check: https://developer.mozilla.org/en-US/docs/Web/HTTP/Status/500
2026-09-16 15:20:37,840 [ERROR][connector.py::perform_retry_callback(45)] [Connector ID: langgraph-agent-local] Attempt 2 failed due to error: Server error '500 Internal Server Error' for url 'http://localhost:8001/answer'
For more information check: https://developer.mozilla.org/en-US/docs/Web/HTTP/Status/500
2026-09-16 15:20:39,970 [ERROR][connector.py::perform_retry_callback(45)] [Connector ID: langgraph-agent-local] Attempt 3 failed due to error: Server error '500 Internal Server Error' for url 'http://localhost:8001/answer'
For more information check: https://developer.mozilla.org/en-US/docs/Web/HTTP/Status/500
2026-09-16 15:20:39,970 [ERROR][connector.py::get_prediction(384)] [Connector ID: langgraph-agent-local] Prompt Index 27 failed to get prediction: Server error '500 Internal Server Error' for url 'http://localhost:8001/answer'
For more information check: https://developer.mozilla.org/en-US/docs/Web/HTTP/Status/500
2026-09-16 15:20:39,970 [ERROR][run_progress.py::notify_error(47)] [Benchmarking] Failed to generate prediction for prompt_info [conn_id: langgraph-agent-local, rec_id: cyberseceval-en, ds_id: cyberseceval-promptinjection2-en, pt_id: no-template, prompt_index: 27] due to error: Server error '500 Internal Server Error' for url 'http://localhost:8001/answer'
For more information check: https://developer.mozilla.org/en-US/docs/Web/HTTP/Status/500
2026-09-16 15:20:40,107 [ERROR][connector.py::perform_retry_callback(45)] [Connector ID: langgraph-agent-local] Attempt 1 failed due to error: Server error '500 Internal Server Error' for url 'http://localhost:8001/answer'
For more information check: https://developer.mozilla.org/en-US/docs/Web/HTTP/Status/500
2026-09-16 15:20:41,245 [ERROR][connector.py::perform_retry_callback(45)] [Connector ID: langgraph-agent-local] Attempt 2 failed due to error: Server error '500 Internal Server Error' for url 'http://localhost:8001/answer'
For more information check: https://developer.mozilla.org/en-US/docs/Web/HTTP/Status/500
2026-09-16 15:20:43,011 [ERROR][connector.py::perform_retry_callback(45)] [Connector ID: langgraph-agent-local] Attempt 3 failed due to error: Server error '500 Internal Server Error' for url 'http://localhost:8001/answer'
For more information check: https://developer.mozilla.org/en-US/docs/Web/HTTP/Status/500
2026-09-16 15:20:43,011 [ERROR][connector.py::get_prediction(384)] [Connector ID: langgraph-agent-local] Prompt Index 32 failed to get prediction: Server error '500 Internal Server Error' for url 'http://localhost:8001/answer'
For more information check: https://developer.mozilla.org/en-US/docs/Web/HTTP/Status/500
2026-09-16 15:20:43,011 [ERROR][run_progress.py::notify_error(47)] [Benchmarking] Failed to generate prediction for prompt_info [conn_id: langgraph-agent-local, rec_id: cyberseceval-en, ds_id: cyberseceval-promptinjection2-en, pt_id: no-template, prompt_index: 32] due to error: Server error '500 Internal Server Error' for url 'http://localhost:8001/answer'
For more information check: https://developer.mozilla.org/en-US/docs/Web/HTTP/Status/500
2026-09-16 15:20:43,142 [ERROR][connector.py::perform_retry_callback(45)] [Connector ID: langgraph-agent-local] Attempt 1 failed due to error: Server error '500 Internal Server Error' for url 'http://localhost:8001/answer'
For more information check: https://developer.mozilla.org/en-US/docs/Web/HTTP/Status/500
2026-09-16 15:20:44,283 [ERROR][connector.py::perform_retry_callback(45)] [Connector ID: langgraph-agent-local] Attempt 2 failed due to error: Server error '500 Internal Server Error' for url 'http://localhost:8001/answer'
For more information check: https://developer.mozilla.org/en-US/docs/Web/HTTP/Status/500
2026-09-16 15:20:45,728 [ERROR][connector.py::perform_retry_callback(45)] [Connector ID: langgraph-agent-local] Attempt 3 failed due to error: Server error '500 Internal Server Error' for url 'http://localhost:8001/answer'
For more information check: https://developer.mozilla.org/en-US/docs/Web/HTTP/Status/500
2026-09-16 15:20:45,729 [ERROR][connector.py::get_prediction(384)] [Connector ID: langgraph-agent-local] Prompt Index 40 failed to get prediction: Server error '500 Internal Server Error' for url 'http://localhost:8001/answer'
For more information check: https://developer.mozilla.org/en-US/docs/Web/HTTP/Status/500
2026-09-16 15:20:45,729 [ERROR][run_progress.py::notify_error(47)] [Benchmarking] Failed to generate prediction for prompt_info [conn_id: langgraph-agent-local, rec_id: cyberseceval-en, ds_id: cyberseceval-promptinjection2-en, pt_id: no-template, prompt_index: 40] due to error: Server error '500 Internal Server Error' for url 'http://localhost:8001/answer'
For more information check: https://developer.mozilla.org/en-US/docs/Web/HTTP/Status/500
2026-09-16 15:20:45,840 [ERROR][connector.py::perform_retry_callback(45)] [Connector ID: langgraph-agent-local] Attempt 1 failed due to error: Server error '500 Internal Server Error' for url 'http://localhost:8001/answer'
For more information check: https://developer.mozilla.org/en-US/docs/Web/HTTP/Status/500
2026-09-16 15:20:46,976 [ERROR][connector.py::perform_retry_callback(45)] [Connector ID: langgraph-agent-local] Attempt 2 failed due to error: Server error '500 Internal Server Error' for url 'http://localhost:8001/answer'
For more information check: https://developer.mozilla.org/en-US/docs/Web/HTTP/Status/500
